budget,method,count,mean_ndcg@10,std_ndcg@10,mean_mrr@10,std_mrr@10,mean_recall@100,std_recall@100,mean_latency_query_ms,mean_dense_weight,mean_ndcg_delta_vs_average_single,mean_mrr_delta_vs_average_single,mean_ndcg_regret_vs_best_single,mean_worst_case_regret_reduction,method_label
20,bm25,28,0.3897451062409395,0.16969056485291162,0.41960159824759746,0.1692314422874607,0.5514515853975428,0.29725466807253503,64.89612033267576,,-0.017048553447603903,-0.015565275688957726,0.040628317013006544,0.2857142857142857,BM25
20,dense,28,0.42384221313614734,0.13156967381601778,0.4507321496255129,0.13515164388132533,0.6128285953756109,0.2908421519512247,22.446611394686048,,0.017048553447603913,0.015565275688957722,0.006531210117798725,0.7142857142857143,Dense
20,minmax_fusion,28,0.4481740748461948,0.14959514950103403,0.4776330432990568,0.15445047971042833,0.6247733974354571,0.28942985387173165,87.34273172736182,,0.04138041515765139,0.042466169362501645,-0.01780065159224875,2.359878617564449,Min-max fusion
20,rrf,28,0.44383317936479216,0.15000739931679585,0.4713272705635294,0.15143228217093554,0.6350794013031321,0.29747444473647955,87.34273172736182,,0.03703951967624878,0.03616039662697421,-0.013459756110846143,2.184491909789494,RRF
20,validation_weighted_fusion,28,0.45309367957883456,0.149215857204999,0.48741790433641674,0.15305630673503032,0.6236371217953857,0.29435116223233926,87.34273172736182,0.6357142857142858,0.046300019890291165,0.05225103039986156,-0.022720256324888534,2.1860426737766026,Validation-weighted fusion
20,zscore_fusion,28,0.44864115969033486,0.15496041206097327,0.47817609409115075,0.1561326626827374,0.6297265916550584,0.2930905537409932,87.34273172736182,,0.041847500001791445,0.043009220154595525,-0.01826773643638881,2.29051533801683,Z-score fusion
50,bm25,28,0.3897451062409395,0.16969056485291162,0.41960159824759746,0.1692314422874607,0.6153571980636652,0.30489643898988916,64.89612033267576,,-0.017048553447603903,-0.015565275688957726,0.040628317013006544,0.2857142857142857,BM25
50,dense,28,0.42384221313614734,0.13156967381601778,0.4507321496255129,0.13515164388132533,0.6839449397780965,0.28715847322450283,22.446611394686048,,0.017048553447603913,0.015565275688957722,0.006531210117798725,0.7142857142857143,Dense
50,minmax_fusion,28,0.44997809595204724,0.1521665627677407,0.4797307598473543,0.15453704023005882,0.6952590479891348,0.2870759979461837,87.34273172736182,,0.04318443626350382,0.04456388591079913,-0.019604672698101185,2.3813751394689966,Min-max fusion
50,rrf,28,0.4427721570466735,0.1480242397142416,0.47074328252322845,0.15043404129729201,0.7005450928137534,0.2933018196500633,87.34273172736182,,0.03597849735813007,0.03557640858667323,-0.012398733792727434,2.1144612939560536,RRF
50,validation_weighted_fusion,28,0.45803593992229075,0.14925024747848517,0.4909221300214664,0.1529554047939785,0.6927110300687385,0.29181131236906693,87.34273172736182,0.6535714285714286,0.051242280233747314,0.055755256084911206,-0.027662516668344676,2.4079873444791358,Validation-weighted fusion
50,zscore_fusion,28,0.44899036053479974,0.1567156499259991,0.4784090225390466,0.1577276673961371,0.6969800485505047,0.29180204439084156,87.34273172736182,,0.04219670084625636,0.04324214860249137,-0.018616937280853722,2.323010332547667,Z-score fusion
100,bm25,28,0.3897451062409395,0.16969056485291162,0.41960159824759746,0.1692314422874607,0.6445731161034992,0.2973595113700776,64.89612033267576,,-0.017048553447603903,-0.015565275688957726,0.040628317013006544,0.2857142857142857,BM25
100,dense,28,0.42384221313614734,0.13156967381601778,0.4507321496255129,0.13515164388132533,0.7298680586581087,0.2693231816361251,22.446611394686048,,0.017048553447603913,0.015565275688957722,0.006531210117798725,0.7142857142857143,Dense
100,minmax_fusion,28,0.44974731082763036,0.1521635164647647,0.4802421511278112,0.15522783776359378,0.7380847483348015,0.2683682911232142,87.34273172736182,,0.04295365113908701,0.045075277191256036,-0.019373887573684374,2.50906212429488,Min-max fusion
100,rrf,28,0.4415271760431139,0.14676277744707994,0.4692892370167384,0.14960263385494285,0.7382041259301021,0.27258416183196654,87.34273172736182,,0.03473351635457048,0.034122363080183196,-0.011153752789167847,2.136340455262988,RRF
100,validation_weighted_fusion,28,0.4599024350394417,0.148246547978093,0.4914197459328059,0.15186653946259418,0.734644593760139,0.2684655652402172,87.34273172736182,0.6892857142857143,0.05310877535089832,0.05625287199625074,-0.029529011785495683,2.555768107619898,Validation-weighted fusion
100,zscore_fusion,28,0.44744334362645316,0.15553203585142802,0.4782366558390643,0.15878385524451333,0.738190796161284,0.2728224793458111,87.34273172736182,,0.04064968393790972,0.043069781902509076,-0.017069920372507087,2.3976153981553407,Z-score fusion
200,bm25,28,0.3897451062409395,0.16969056485291162,0.41960159824759746,0.1692314422874607,0.6445731161034992,0.2973595113700776,64.89612033267576,,-0.017048553447603903,-0.015565275688957726,0.040628317013006544,0.2857142857142857,BM25
200,dense,28,0.42384221313614734,0.13156967381601778,0.4507321496255129,0.13515164388132533,0.7298680586581087,0.2693231816361251,22.446611394686048,,0.017048553447603913,0.015565275688957722,0.006531210117798725,0.7142857142857143,Dense
200,minmax_fusion,28,0.4513681759426584,0.15377480314871572,0.48096601195220245,0.15553382149370135,0.7393247995897492,0.2715696321985349,87.34273172736182,,0.04457451625411498,0.04579913801564724,-0.020994752688712346,2.5204654185014888,Min-max fusion
200,rrf,28,0.4427947347705606,0.14758789775195244,0.46987392820022256,0.149968588233593,0.7394292599213148,0.27459992408503037,87.34273172736182,,0.03600107508201718,0.034707054263667346,-0.012421311516614545,2.194928082028441,RRF
200,validation_weighted_fusion,28,0.46106100219121615,0.15088229312740992,0.4912677514506779,0.1527641262271761,0.7428730023398747,0.2722967840397954,87.34273172736182,0.6892857142857143,0.054267342502672754,0.05610087751412272,-0.03068757893727012,2.4713196474640475,Validation-weighted fusion
200,zscore_fusion,28,0.4485503307390014,0.15778546563071053,0.4773745045952058,0.15915027781925892,0.7371692595340341,0.2741062579354772,87.34273172736182,,0.04175667105045801,0.04220763065865062,-0.01817690748505537,2.3800855155503875,Z-score fusion
