dataset,budget,method,count,mean_ndcg@10,std_ndcg@10,mean_mrr@10,std_mrr@10,mean_recall@100,std_recall@100,mean_latency_query_ms,mean_dense_weight,mean_ndcg_delta_vs_average_single,mean_mrr_delta_vs_average_single,mean_ndcg_regret_vs_best_single,mean_worst_case_regret_reduction,method_label
arguana,20,bm25,7,0.3473428490890847,0.004686520893366272,0.22795207728169933,0.0037294772534420474,0.8439705190528463,0.005857638522351633,194.65647224268483,,-0.011434929172431432,-0.00851612690447567,0.022869858344862857,0.0,BM25
arguana,20,dense,7,0.3702127074339476,0.004749115485262485,0.24498433109065063,0.004566777389629243,0.907480006272542,0.004284961900981457,5.835418617415995,,0.011434929172431425,0.008516126904475662,0.0,1.0,Dense
arguana,20,minmax_fusion,7,0.3896380609460205,0.003198679722766804,0.2605643794290493,0.0031328216435377618,0.907480006272542,0.004284961900981457,200.4918908601008,,0.03086028268450436,0.024096175242874326,-0.019425353512072936,1.87563452271465,Min-max fusion
arguana,20,rrf,7,0.3868347320984669,0.004843854701750798,0.25773638397913134,0.004338489154955729,0.9239454288850556,0.005253448919241906,200.4918908601008,,0.028056953836950733,0.021268179792956355,-0.01662202466451931,1.7512463818221673,RRF
arguana,20,validation_weighted_fusion,7,0.3872328912248148,0.006155093412705236,0.25823258685105943,0.005779769167867161,0.907480006272542,0.004284961900981457,200.4918908601008,0.7285714285714285,0.028455112963298636,0.02176438266488447,-0.01702018379086721,1.7504050728594682,Validation-weighted fusion
arguana,20,zscore_fusion,7,0.38872378906220845,0.003660627930828838,0.25931099113630085,0.003135448319337158,0.907480006272542,0.004284961900981457,200.4918908601008,,0.02994601080069224,0.022842786950125843,-0.018511081628260817,1.837217801446691,Z-score fusion
arguana,50,bm25,7,0.3473428490890847,0.004686520893366272,0.22795207728169933,0.0037294772534420474,0.9316292927708955,0.0036248473049157333,194.65647224268483,,-0.011434929172431432,-0.00851612690447567,0.022869858344862857,0.0,BM25
arguana,50,dense,7,0.3702127074339476,0.004749115485262485,0.24498433109065063,0.004566777389629243,0.9686372902618786,0.0034629412106113836,5.835418617415995,,0.011434929172431425,0.008516126904475662,0.0,1.0,Dense
arguana,50,minmax_fusion,7,0.39374969759792844,0.003945284726341826,0.2639356840431013,0.0035624576790183097,0.9686372902618786,0.0034629412106113836,200.4918908601008,,0.03497191933641232,0.027467479856926304,-0.023536990163980896,2.057135128978065,Min-max fusion
arguana,50,rrf,7,0.3864907656461338,0.004857237630285407,0.25780408760650253,0.004342357215985126,0.977262035439862,0.0037874070216374635,200.4918908601008,,0.027712987384617662,0.021335883420327547,-0.016278058212186235,1.7346942457904038,RRF
arguana,50,validation_weighted_fusion,7,0.3927928712253485,0.005192195503970206,0.26306406206829597,0.00467706828996523,0.9686372902618786,0.0034629412106113836,200.4918908601008,0.7142857142857143,0.034015092963832365,0.026595857882121016,-0.022580163791400938,2.0061172101095948,Validation-weighted fusion
arguana,50,zscore_fusion,7,0.38900488091691127,0.004154424465424673,0.2597966775440509,0.0036058276454249936,0.9702054257487847,0.004271550406735483,200.4918908601008,,0.030227102655395095,0.0233284733578759,-0.018792173482963668,1.851389706613602,Z-score fusion
arguana,100,bm25,7,0.3473428490890847,0.004686520893366272,0.22795207728169933,0.0037294772534420474,0.9540536302336522,0.005857638522351607,194.65647224268483,,-0.011434929172431432,-0.00851612690447567,0.022869858344862857,0.0,BM25
arguana,100,dense,7,0.3702127074339476,0.004749115485262485,0.24498433109065063,0.004566777389629243,0.9829073231927238,0.0016595586081635133,5.835418617415995,,0.011434929172431425,0.008516126904475662,0.0,1.0,Dense
arguana,100,minmax_fusion,7,0.39637300418171295,0.003951584257907215,0.2655684117774442,0.003580490301700322,0.9829073231927238,0.0016595586081635133,200.4918908601008,,0.03759522592019683,0.029100207591269224,-0.026160296747765408,2.1769924681701966,Min-max fusion
arguana,100,rrf,7,0.388042212861291,0.004997549755898361,0.25840533066501387,0.004391441703944468,0.987611729653442,0.0017602277184133343,200.4918908601008,,0.029264434599774854,0.021937126478838907,-0.01782950542734343,1.8036942437229802,RRF
arguana,100,validation_weighted_fusion,7,0.39661175725336895,0.0036491922507690903,0.2656608819890927,0.0033962097607533356,0.9829073231927238,0.0016595586081635133,200.4918908601008,0.7,0.037833978991852805,0.02919267780291773,-0.02639904981942138,2.1861815446260953,Validation-weighted fusion
arguana,100,zscore_fusion,7,0.38905871163359823,0.0037414362299937535,0.2589269846248049,0.0034254457170515987,0.9851027128743924,0.0017764513583154295,200.4918908601008,,0.030280933372082073,0.0224587804386299,-0.01884600419965065,1.855214332202659,Z-score fusion
arguana,200,bm25,7,0.3473428490890847,0.004686520893366272,0.22795207728169933,0.0037294772534420474,0.9540536302336522,0.005857638522351607,194.65647224268483,,-0.011434929172431432,-0.00851612690447567,0.022869858344862857,0.0,BM25
arguana,200,dense,7,0.3702127074339476,0.004749115485262485,0.24498433109065063,0.004566777389629243,0.9829073231927238,0.0016595586081635133,5.835418617415995,,0.011434929172431425,0.008516126904475662,0.0,1.0,Dense
arguana,200,minmax_fusion,7,0.396647980411901,0.00410034863035538,0.2655092955586918,0.0036045143614427066,0.9887094244942763,0.0018708410609140729,200.4918908601008,,0.03787020215038487,0.029041091372516818,-0.026435272977953443,2.1906883483385644,Min-max fusion
arguana,200,rrf,7,0.388042212861291,0.004997549755898361,0.25840533066501387,0.004391441703944468,0.9869844754586795,0.0021424809504907356,200.4918908601008,,0.029264434599774854,0.021937126478838907,-0.01782950542734343,1.8036942437229802,RRF
arguana,200,validation_weighted_fusion,7,0.39428522514147557,0.005736973275859151,0.26391956709504144,0.005036366685627052,0.9887094244942763,0.0018708410609140729,200.4918908601008,0.7,0.035507446879959395,0.02745136290886644,-0.024072517707527972,2.07957874080079,Validation-weighted fusion
arguana,200,zscore_fusion,7,0.389002033680058,0.0036867050611068247,0.2585870352531792,0.0034010775551158202,0.9888662380429668,0.0021424809504907,200.4918908601008,,0.03022425541854187,0.022118831067004206,-0.018789326246110443,1.85330902996974,Z-score fusion
fiqa,20,bm25,7,0.23443581813011485,0.010042022785618086,0.2937373761856286,0.012376220290898618,0.3571002772818178,0.00935801059906612,58.2415635972211,,-0.06523543261053459,-0.0732683493033001,0.13047086522106924,0.0,BM25
fiqa,20,dense,7,0.36490668335118404,0.012055396382812498,0.44027407479222885,0.012110952280958863,0.5173975922279281,0.015542526189317589,58.79607191976296,,0.06523543261053463,0.0732683493033001,0.0,1.0,Dense
fiqa,20,minmax_fusion,7,0.35937643384051465,0.012830206855013078,0.4301976451704989,0.014034471895277392,0.5244268625843108,0.013195189432979525,117.03763551698408,,0.059705183099865174,0.06319191968157016,0.005530249510669454,0.9584667821955511,Min-max fusion
fiqa,20,rrf,7,0.3517085837547161,0.012419958249929917,0.422375323842918,0.015027492743854913,0.5171237878737031,0.013392686873278445,117.03763551698408,,0.05203733301406667,0.055369598353989254,0.013198099596467958,0.8996617131236411,RRF
fiqa,20,validation_weighted_fusion,7,0.38742910521232465,0.01306449909105152,0.473123326923802,0.011445785370045048,0.5173975922279281,0.015542526189317589,117.03763551698408,0.9,0.0877578544716752,0.10611760143487324,-0.02252242186114057,1.173626819921523,Validation-weighted fusion
fiqa,20,zscore_fusion,7,0.3584374828957802,0.012272665136430602,0.4331246196023936,0.013628735538919464,0.5237189967593768,0.012977202336608127,117.03763551698408,,0.058766232155130764,0.06611889411346487,0.006469200455403866,0.9515327659171648,Z-score fusion
fiqa,50,bm25,7,0.23443581813011485,0.010042022785618086,0.2937373761856286,0.012376220290898618,0.4480565498295393,0.010882291770642972,58.2415635972211,,-0.06523543261053459,-0.0732683493033001,0.13047086522106924,0.0,BM25
fiqa,50,dense,7,0.36490668335118404,0.012055396382812498,0.44027407479222885,0.012110952280958863,0.6266074271842851,0.013411263591494454,58.79607191976296,,0.06523543261053463,0.0732683493033001,0.0,1.0,Dense
fiqa,50,minmax_fusion,7,0.35899080253706267,0.010800310243333056,0.43121778402572425,0.013628939266158694,0.6312231711281593,0.014079066818805675,117.03763551698408,,0.05931955179641326,0.06421205853679555,0.005915880814121366,0.9550399855330199,Min-max fusion
fiqa,50,rrf,7,0.35127176225750656,0.012313364672654235,0.42236078120876214,0.016051976785647834,0.6213366036745744,0.01267942463834092,117.03763551698408,,0.051600511516857135,0.05535505571983346,0.013634921093677492,0.8956347439772298,RRF
fiqa,50,validation_weighted_fusion,7,0.39189556757753996,0.013379607780243916,0.47361198636224083,0.012752040775660129,0.6266074271842851,0.013411263591494454,117.03763551698408,0.9,0.09222431683689056,0.10660626087331213,-0.026988884226355925,1.207198370099103,Validation-weighted fusion
fiqa,50,zscore_fusion,7,0.35550873955572626,0.010888985025565302,0.4286293298000118,0.01404694465338445,0.6200528122482653,0.014120186496107575,117.03763551698408,,0.055837488815076844,0.06162360431108308,0.009397943795457784,0.9284709718466518,Z-score fusion
fiqa,100,bm25,7,0.23443581813011485,0.010042022785618086,0.2937373761856286,0.012376220290898618,0.5052441733133962,0.008205609179145243,58.2415635972211,,-0.06523543261053459,-0.0732683493033001,0.13047086522106924,0.0,BM25
fiqa,100,dense,7,0.36490668335118404,0.012055396382812498,0.44027407479222885,0.012110952280958863,0.7038168199858054,0.00838195048363938,58.79607191976296,,0.06523543261053463,0.0732683493033001,0.0,1.0,Dense
fiqa,100,minmax_fusion,7,0.35176801527736606,0.011167154228976801,0.42673851805171786,0.01358627720756723,0.7088299891489575,0.00805672145357733,117.03763551698408,,0.052096764536716654,0.05973279256278918,0.013138668073817972,0.8999286976745912,Min-max fusion
fiqa,100,rrf,7,0.34633364905675024,0.012581405013330398,0.41971577229466606,0.016727300682553087,0.6934009379377549,0.009858749990614491,117.03763551698408,,0.04666239831610082,0.05271004680573732,0.018573034294433806,0.8576637938261816,RRF
fiqa,100,validation_weighted_fusion,7,0.3910746525461023,0.013196039995458918,0.47305748110804097,0.01265434791625032,0.7038168199858054,0.00838195048363938,117.03763551698408,0.9,0.0914034018054529,0.10605175561911226,-0.02616796919491826,1.2008646025590082,Validation-weighted fusion
fiqa,100,zscore_fusion,7,0.3480760136989412,0.011436555282110973,0.42312884773862036,0.014553712450149692,0.6971981813006584,0.009689291070895601,117.03763551698408,,0.04840476295829176,0.05612312224969164,0.016830669652242867,0.8715366823357488,Z-score fusion
fiqa,200,bm25,7,0.23443581813011485,0.010042022785618086,0.2937373761856286,0.012376220290898618,0.5052441733133962,0.008205609179145243,58.2415635972211,,-0.06523543261053459,-0.0732683493033001,0.13047086522106924,0.0,BM25
fiqa,200,dense,7,0.36490668335118404,0.012055396382812498,0.44027407479222885,0.012110952280958863,0.7038168199858054,0.00838195048363938,58.79607191976296,,0.06523543261053463,0.0732683493033001,0.0,1.0,Dense
fiqa,200,minmax_fusion,7,0.35558122043950746,0.010783146623128372,0.42948303628656526,0.0130984070646881,0.702161259168385,0.010473600801533523,117.03763551698408,,0.055909969698857996,0.062477310797636555,0.00932546291167663,0.9291252817160128,Min-max fusion
fiqa,200,rrf,7,0.3480873498702051,0.01242479026972854,0.4204539456320929,0.016450963953202644,0.6944593185346494,0.011541189590478057,117.03763551698408,,0.04841609912955567,0.05344822014316416,0.016819333480978964,0.8711475693037227,RRF
fiqa,200,validation_weighted_fusion,7,0.3970100613763917,0.012693005342596698,0.4776769219168269,0.012811254747373876,0.7170852335087151,0.007787408479004325,117.03763551698408,0.9,0.0973388106357423,0.11067119642789816,-0.03210337802520767,1.2466649806969834,Validation-weighted fusion
fiqa,200,zscore_fusion,7,0.3505587130723268,0.010933743077108652,0.42264611307705974,0.013227351526024247,0.690783263789711,0.01011324568516145,117.03763551698408,,0.05088746233167735,0.05564038758813105,0.014347970278857283,0.8905576569850994,Z-score fusion
nfcorpus,20,bm25,7,0.30796960783436794,0.010635040073993327,0.519195281287118,0.01326416485841661,0.17654262706258925,0.009758782564637344,0.7949502941196851,,-0.004227167134095854,0.0027910052910052724,0.009172544486094074,0.14285714285714285,BM25
nfcorpus,20,dense,7,0.3164239421025596,0.01217407254042393,0.5136132707051074,0.01421137100977983,0.18922066578585636,0.011451747044057953,9.58392150155319,,0.004227167134095837,-0.0027910052910053123,0.0007182102179023835,0.8571428571428571,Dense
nfcorpus,20,minmax_fusion,7,0.3434103569600947,0.012141423436898292,0.5503312277291869,0.01099344491706583,0.20484239854065314,0.009348329755771384,10.378871795672875,,0.031213581991630896,0.033926951733074154,-0.026268204639632673,3.993818608685095,Min-max fusion
nfcorpus,20,rrf,7,0.34028531318310834,0.011853952026679175,0.5506125148472087,0.01038335890575698,0.21126304046842154,0.008998503680510727,10.378871795672875,,0.028088538214644545,0.03420823885109598,-0.023143160862646322,3.6491453874408912,RRF
nfcorpus,20,validation_weighted_fusion,7,0.33430421869208976,0.01117668942475765,0.547999406111651,0.013993410631438009,0.1986818776920615,0.007997588555100535,10.378871795672875,0.38571428571428573,0.022107443723625997,0.03159513011553826,-0.017162066371627777,3.0089084079012856,Validation-weighted fusion
nfcorpus,20,zscore_fusion,7,0.3378102116266589,0.01265673134646895,0.5444387755102041,0.013502165824702783,0.20631542219637342,0.008644439751704711,10.378871795672875,,0.025613436658195123,0.028034499514091347,-0.0206680593061969,3.351234614810359,Z-score fusion
nfcorpus,50,bm25,7,0.30796960783436794,0.010635040073993327,0.519195281287118,0.01326416485841661,0.20985039776167375,0.01064159922955513,0.7949502941196851,,-0.004227167134095854,0.0027910052910052724,0.009172544486094074,0.14285714285714285,BM25
nfcorpus,50,dense,7,0.3164239421025596,0.01217407254042393,0.5136132707051074,0.01421137100977983,0.24822734935852991,0.0127308314534018,9.58392150155319,,0.004227167134095837,-0.0027910052910053123,0.0007182102179023835,0.8571428571428571,Dense
nfcorpus,50,minmax_fusion,7,0.3410692430597532,0.012934723304694983,0.5497446280099342,0.012462362183359964,0.2613955107862818,0.009167852379450168,10.378871795672875,,0.028872468091289398,0.033340352013821385,-0.023927090739291175,3.6893259590028458,Min-max fusion
nfcorpus,50,rrf,7,0.3411560731915344,0.012753634396845964,0.5519922254616132,0.01123511151485574,0.2632886918475374,0.008822115463431085,10.378871795672875,,0.02895929822307064,0.035587949465500465,-0.02401392087107242,3.675988795344644,RRF
nfcorpus,50,validation_weighted_fusion,7,0.3389720821290365,0.010904552049372516,0.5522656840513983,0.013099624217782635,0.2521561793855665,0.009231439082418937,10.378871795672875,0.42857142857142855,0.02677530716057274,0.03586140805528559,-0.021829929808574518,3.4491463575030674,Validation-weighted fusion
nfcorpus,50,zscore_fusion,7,0.33838770006982877,0.012040729913402638,0.5452885757477594,0.01391944586851108,0.2610319195749319,0.01071752955388054,10.378871795672875,,0.026190925101365004,0.028884299751646667,-0.021245547749366784,3.388978851182763,Z-score fusion
nfcorpus,100,bm25,7,0.30796960783436794,0.010635040073993327,0.519195281287118,0.01326416485841661,0.2346478965201841,0.012488644595770638,0.7949502941196851,,-0.004227167134095854,0.0027910052910052724,0.009172544486094074,0.14285714285714285,BM25
nfcorpus,100,dense,7,0.3164239421025596,0.01217407254042393,0.5136132707051074,0.01421137100977983,0.3089385676443817,0.011130183815389421,9.58392150155319,,0.004227167134095837,-0.0027910052910053123,0.0007182102179023835,0.8571428571428571,Dense
nfcorpus,100,minmax_fusion,7,0.34517399685407507,0.012100007394895715,0.5529613432674657,0.010150673737635011,0.31920973960558335,0.009624832286020514,10.378871795672875,,0.03297722188561126,0.03655706727135296,-0.02803184453361304,4.17187614202022,Min-max fusion
nfcorpus,100,rrf,7,0.34320202560658586,0.012505881278272155,0.5501492819349962,0.011065159695288896,0.31869028301565816,0.008681572151733308,10.378871795672875,,0.031005250638122057,0.03374500593888346,-0.026059873286123834,3.9130033150785586,RRF
nfcorpus,100,validation_weighted_fusion,7,0.3430200411418574,0.011008979534759322,0.5524522189828313,0.011597488398045702,0.31661613662393184,0.00961832289436107,10.378871795672875,0.5,0.030823266173393617,0.03604794298671849,-0.025877888821395394,3.9335704136059233,Validation-weighted fusion
nfcorpus,100,zscore_fusion,7,0.3430200411418574,0.011008979534759322,0.5524522189828313,0.011597488398045702,0.31661613662393184,0.00961832289436107,10.378871795672875,,0.030823266173393617,0.03604794298671849,-0.025877888821395394,3.9335704136059233,Z-score fusion
nfcorpus,200,bm25,7,0.30796960783436794,0.010635040073993327,0.519195281287118,0.01326416485841661,0.2346478965201841,0.012488644595770638,0.7949502941196851,,-0.004227167134095854,0.0027910052910052724,0.009172544486094074,0.14285714285714285,BM25
nfcorpus,200,dense,7,0.3164239421025596,0.01217407254042393,0.5136132707051074,0.01421137100977983,0.3089385676443817,0.011130183815389421,9.58392150155319,,0.004227167134095837,-0.0027910052910053123,0.0007182102179023835,0.8571428571428571,Dense
nfcorpus,200,minmax_fusion,7,0.3431926024480469,0.01169787649313553,0.5507334521110031,0.010000560797209814,0.31844316671098744,0.010624198475115462,10.378871795672875,,0.030995827479583096,0.034329176114890406,-0.026050450127584873,3.946991659922721,Min-max fusion
nfcorpus,200,rrf,7,0.3437230179208286,0.011911468638517383,0.5504489256019868,0.010227461414788858,0.31656628598497033,0.009438308559598737,10.378871795672875,,0.031526242952364836,0.03404464960587407,-0.026580865600366616,3.9846932608856847,RRF
nfcorpus,200,validation_weighted_fusion,7,0.33903725256361544,0.011709010464839333,0.5459575099881222,0.012548685717975266,0.3162468019059583,0.009957739560746243,10.378871795672875,0.5285714285714286,0.026840477595151617,0.02955323399200947,-0.021895100243153394,3.399671381479642,Validation-weighted fusion
nfcorpus,200,zscore_fusion,7,0.34010322398311243,0.010935476340782067,0.547277021919879,0.011162127360583637,0.3159139831899052,0.010219928921626046,10.378871795672875,,0.027906449014648633,0.030872745923766303,-0.02296107166265041,3.611700711557224,Z-score fusion
scifact,20,bm25,7,0.6692321499101904,0.012989413730669277,0.6375216582359439,0.014981724944026607,0.8281929181929181,0.013232913959598974,5.8914951966774725,,0.012703315126646273,0.01673236816093961,0.0,1.0,BM25
scifact,20,dense,7,0.6438255196568979,0.0159323671461442,0.6040569219140648,0.016511315492096494,0.8372161172161172,0.015921837194832308,15.571033540012044,,-0.012703315126646242,-0.01673236816093956,0.025406630253292515,0.0,Dense
scifact,20,minmax_fusion,7,0.7002714476381494,0.015337977640187905,0.6694389208674922,0.018320070856551813,0.8623443223443223,0.01064584235689245,21.462528736689517,,0.04374261285460512,0.04864963079248795,-0.03103929772795885,2.6115945566625016,Min-max fusion
scifact,20,rrf,7,0.6965040884228774,0.016056868985995565,0.6545848595848597,0.017483918996225024,0.8879853479853479,0.012640989729174013,21.462528736689517,,0.03997525363933317,0.033795569509855246,-0.027271938512686895,2.4379141567712765,RRF
scifact,20,validation_weighted_fusion,7,0.7034085031861091,0.014368078033992333,0.6703162974591547,0.015174712433632461,0.8709890109890109,0.018449324408953357,21.462528736689517,0.5285714285714286,0.046879668402564856,0.049527007384150265,-0.03417635327591858,2.8112303944241326,Validation-weighted fusion
scifact,20,zscore_fusion,7,0.7095931551766919,0.016607026050626986,0.6758299901157044,0.01913598036309527,0.8813919413919413,0.01160272431570655,21.462528736689517,,0.053064320393147665,0.05504070004070004,-0.04036100526650139,3.0220761698931047,Z-score fusion
scifact,50,bm25,7,0.6692321499101904,0.012989413730669277,0.6375216582359439,0.014981724944026607,0.8718925518925519,0.010447580741012609,5.8914951966774725,,0.012703315126646273,0.01673236816093961,0.0,1.0,BM25
scifact,50,dense,7,0.6438255196568979,0.0159323671461442,0.6040569219140648,0.016511315492096494,0.8923076923076924,0.013421797259797323,15.571033540012044,,-0.012703315126646242,-0.01673236816093956,0.025406630253292515,0.0,Dense
scifact,50,minmax_fusion,7,0.7061026406134445,0.013354745086895988,0.6740249433106575,0.016688075203123365,0.9197802197802198,0.012847346765012336,21.462528736689517,,0.04957380582990031,0.053235653235653255,-0.03687049070325404,2.8239994843620573,Min-max fusion
scifact,50,rrf,7,0.6921700270915191,0.013657933336313564,0.6508160358160359,0.016449123319817432,0.9402930402930403,0.009607037483961812,21.462528736689517,,0.03564119230797485,0.03002674574103145,-0.022937877181328576,2.1515273907119363,RRF
scifact,50,validation_weighted_fusion,7,0.7084832387572378,0.01135840055116129,0.6747467876039305,0.0136853582161616,0.9234432234432235,0.02111449701706209,21.462528736689517,0.5714285714285714,0.05195440397369359,0.05395749752892609,-0.03925108884704731,2.9694874402047775,Validation-weighted fusion
scifact,50,zscore_fusion,7,0.7130601215967326,0.014773871218747296,0.6799215070643642,0.017489636003470126,0.9366300366300366,0.0103536295886604,21.462528736689517,,0.05653128681318848,0.059132216989359825,-0.04382797168654221,3.123201800547652,Z-score fusion
scifact,100,bm25,7,0.6692321499101904,0.012989413730669277,0.6375216582359439,0.014981724944026607,0.8843467643467644,0.011696545916715565,5.8914951966774725,,0.012703315126646273,0.01673236816093961,0.0,1.0,BM25
scifact,100,dense,7,0.6438255196568979,0.0159323671461442,0.6040569219140648,0.016511315492096494,0.9238095238095239,0.011148617078059595,15.571033540012044,,-0.012703315126646242,-0.01673236816093956,0.025406630253292515,0.0,Dense
scifact,100,minmax_fusion,7,0.7056742269973676,0.014433861811115995,0.6757003314146172,0.016855788794016544,0.9413919413919414,0.009412802867989319,21.462528736689517,,0.04914539221382329,0.054911041339612776,-0.03644207708717701,2.787451189314513,Min-max fusion
scifact,100,rrf,7,0.6885308166478284,0.01480924837776899,0.6488865631722776,0.01680659271730632,0.9531135531135532,0.007932750120039465,21.462528736689517,,0.032001981864284205,0.028097273097273105,-0.019298666737637932,1.971000468424231,RRF
scifact,100,validation_weighted_fusion,7,0.7089032892164381,0.010699719407493894,0.6745084016512589,0.013047564041949889,0.9352380952380953,0.018286718062052097,21.462528736689517,0.6571428571428573,0.052374454432893965,0.05371911157625447,-0.039671139306247695,2.9024558696885654,Validation-weighted fusion
scifact,100,zscore_fusion,7,0.7096186080314156,0.013421065401605314,0.6784385720100007,0.015956454231515996,0.9538461538461539,0.007972118848793874,21.462528736689517,,0.05308977324787144,0.05764928193499625,-0.04038645812122516,2.9301401644770313,Z-score fusion
scifact,200,bm25,7,0.6692321499101904,0.012989413730669277,0.6375216582359439,0.014981724944026607,0.8843467643467644,0.011696545916715565,5.8914951966774725,,0.012703315126646273,0.01673236816093961,0.0,1.0,BM25
scifact,200,dense,7,0.6438255196568979,0.0159323671461442,0.6040569219140648,0.016511315492096494,0.9238095238095239,0.011148617078059595,15.571033540012044,,-0.012703315126646242,-0.01673236816093956,0.025406630253292515,0.0,Dense
scifact,200,minmax_fusion,7,0.7100509004711782,0.014854990793147095,0.6781382638525495,0.016970295539068737,0.9479853479853481,0.004370092837160812,21.462528736689517,,0.05352206568763397,0.057348973777545185,-0.0408187505609877,3.015056384028658,Min-max fusion
scifact,200,rrf,7,0.6913263584299176,0.01493406088049234,0.6501875109017966,0.016892436892791213,0.9597069597069597,0.0038359653412465312,21.462528736689517,,0.034797523646373375,0.029398220826792252,-0.0220942085197271,2.1201772542013773,RRF
scifact,200,validation_weighted_fusion,7,0.713911469683382,0.012832657406782595,0.6775170068027211,0.013858209784473802,0.9494505494505495,0.008722257069443684,21.462528736689517,0.6285714285714287,0.05738263489983771,0.056727716727716766,-0.044679319773191443,3.1593634868787754,Validation-weighted fusion
scifact,200,zscore_fusion,7,0.7145373522205084,0.013384722365755945,0.6809878481307052,0.01610275044176015,0.9531135531135532,0.006052275326688083,21.462528736689517,,0.058008517436964176,0.06019855805570092,-0.045305202310317906,3.164774663689486,Z-score fusion
