dataset,method,count,mean_ndcg@10,std_ndcg@10,mean_mrr@10,std_mrr@10,mean_recall@100,std_recall@100,mean_latency_query_ms,mean_dense_weight,mean_ndcg_delta_vs_average_single,mean_mrr_delta_vs_average_single,mean_ndcg_regret_vs_best_single,mean_worst_case_regret_reduction,method_label
arguana,bm25,28,0.3473428490890847,0.004418494271828967,0.22795207728169933,0.003516184874919799,0.9209267680727615,0.046474826268532006,194.65647224268483,,-0.011434929172431432,-0.00851612690447567,0.022869858344862857,0.0,BM25
arguana,dense,28,0.3702127074339476,0.004477509019022855,0.24498433109065063,0.0043055990138349855,0.960482985729967,0.03184786702815791,5.835418617415995,,0.011434929172431425,0.008516126904475662,0.0,1.0,Dense
arguana,minmax_fusion,28,0.3941021857843907,0.004599438847752664,0.26389444270207163,0.003874968462166783,0.9619335110553552,0.032991844374996755,200.4918908601008,,0.03532440752287459,0.027426238515896668,-0.02388947835044317,2.0751126170503693,Min-max fusion
arguana,rrf,28,0.3873524808667957,0.004697417331636811,0.2580877832289154,0.004129065496524592,0.9689509173592599,0.026993701247951075,200.4918908601008,,0.028574702605279525,0.02161957904274043,-0.0171397734328481,1.7733322787646328,RRF
arguana,validation_weighted_fusion,28,0.39273068621125196,0.006087034356632638,0.2627192745008724,0.0053245781872361675,0.9619335110553552,0.032991844374996755,200.4918908601008,0.7107142857142856,0.0339529079497358,0.026251070314697415,-0.022517978777304375,2.005570642098987,Validation-weighted fusion
arguana,zscore_fusion,28,0.38894735382319395,0.003600299574306851,0.2591554221395839,0.0032345290991047807,0.9629135957346715,0.033504985581122616,200.4918908601008,,0.03016957556167782,0.022687217953408962,-0.018734646389246396,1.849282717558173,Z-score fusion
fiqa,bm25,28,0.23443581813011485,0.009467709878053825,0.2937373761856286,0.011668412390870625,0.4539112934345374,0.06229601496527506,58.2415635972211,,-0.06523543261053459,-0.0732683493033001,0.13047086522106924,0.0,BM25
fiqa,dense,28,0.36490668335118404,0.01136593670957132,0.44027407479222885,0.011418315312656944,0.6379096648459559,0.07858482624633266,58.79607191976296,,0.06523543261053463,0.0732683493033001,0.0,1.0,Dense
fiqa,minmax_fusion,28,0.35642911802361266,0.011217233623036896,0.42940924588362656,0.012924899610065394,0.6416603205074533,0.07636531626971085,117.03763551698408,,0.056757867282963274,0.06240352039469787,0.008477565327571355,0.9356401867797938,Min-max fusion
fiqa,rrf,28,0.3493503362347945,0.011942594303709442,0.42122645574460976,0.01520473671289324,0.6315801620051705,0.07460728699933657,117.03763551698408,,0.04967908549414508,0.05422073025568105,0.015556347116389554,0.8810269550576938,RRF
fiqa,validation_weighted_fusion,28,0.3918523466780897,0.012819362839559412,0.47436742907772766,0.011880264102970614,0.6412267682266835,0.0816156023309014,117.03763551698408,0.9,0.09218109593744024,0.10736170358879894,-0.026945663326905605,1.2070886933191542,Validation-weighted fusion
fiqa,zscore_fusion,28,0.35314523730569364,0.011513352998128565,0.4268822275545214,0.013793934818885696,0.6329383135245028,0.07210474235970649,117.03763551698408,,0.05347398656504417,0.05987650206559266,0.01176144604549045,0.9105245192711663,Z-score fusion
nfcorpus,bm25,28,0.30796960783436794,0.010026811939348484,0.519195281287118,0.012505574557550254,0.21392220446615778,0.026550376314920222,0.7949502941196851,,-0.004227167134095854,0.0027910052910052724,0.009172544486094074,0.14285714285714285,BM25
nfcorpus,dense,28,0.3164239421025596,0.011477825663987607,0.5136132707051074,0.013398609081297634,0.26383128760828745,0.051784024347317936,9.58392150155319,,0.004227167134095837,-0.0027910052910053123,0.0007182102179023835,0.8571428571428571,Dense
nfcorpus,minmax_fusion,28,0.34321154983049246,0.011622446768563421,0.5509426627793975,0.010393691171491975,0.27597270391087647,0.049019302785474055,10.378871795672875,,0.031014774862028662,0.034538386783284726,-0.02606939751003044,3.9505030924077205,Min-max fusion
nfcorpus,rrf,28,0.3420916074755143,0.01165068156876143,0.5508007369614513,0.01014799059657849,0.27745207532914684,0.04579512833157206,10.378871795672875,,0.02989483250705052,0.03439646096533849,-0.024949455155052296,3.805707689687445,RRF
nfcorpus,validation_weighted_fusion,28,0.33883339863164974,0.011020978046843362,0.5496687047835007,0.01243305647472037,0.2709252489018795,0.05093084596483193,10.378871795672875,0.46071428571428574,0.026636623663185994,0.03326442878738795,-0.02169124631118777,3.44782414012248,Validation-weighted fusion
nfcorpus,zscore_fusion,28,0.3398302942053644,0.011206151260628553,0.5473641480401684,0.012296128130755316,0.2749693653962856,0.047355638842560076,10.378871795672875,,0.027633519236900595,0.030959872044055703,-0.022688141884902372,3.5713711477890677,Z-score fusion
scifact,bm25,28,0.6692321499101904,0.012246536710125202,0.6375216582359439,0.014124905735723798,0.8671947496947496,0.026011713815997248,5.8914951966774725,,0.012703315126646273,0.01673236816093961,0.0,1.0,BM25
scifact,dense,28,0.6438255196568979,0.015021179799189774,0.6040569219140648,0.0155670175343626,0.8942857142857142,0.0380655050263923,15.571033540012044,,-0.012703315126646242,-0.01673236816093956,0.025406630253292515,0.0,Dense
scifact,minmax_fusion,28,0.7055248039300349,0.014135240999461895,0.6743256148613291,0.016555324327479057,0.9178754578754579,0.035561777421242016,21.462528736689517,,0.048995969146490674,0.05353632478632479,-0.0362926540198444,2.8095254035919326,Min-max fusion
scifact,rrf,28,0.6921328226480357,0.014336372342085613,0.6511187423687425,0.016090197495690003,0.9352747252747253,0.02994735102802874,21.462528736689517,,0.0356039878644914,0.030329452293738013,-0.022900672737845126,2.1701548175272056,RRF
scifact,validation_weighted_fusion,28,0.7086766252107918,0.012284308712095852,0.6742721233792662,0.013422357967039543,0.9197802197802198,0.034304198253328415,21.462528736689517,0.5964285714285714,0.052147790427247535,0.053482833304261894,-0.03944447530060126,2.960634297799063,Validation-weighted fusion
scifact,zscore_fusion,28,0.7117023092563372,0.013945287932367535,0.6787944793301935,0.016353561356679706,0.9312454212454213,0.03137328205683726,21.462528736689517,,0.05517347447279294,0.05800518925518926,-0.04247015934614667,3.0600481996518183,Z-score fusion
