budget,dataset,dense_weight,latency_query_ms,method,mrr@10,ndcg@10,recall@100,seed,split,test_query_count,validation_mrr@10,validation_ndcg@10,validation_query_count
20,scifact,,5.8914951966774725,bm25,0.6407244607244608,0.6762632809912035,0.8328205128205128,19,test,195,,,105
20,scifact,,15.571033540012044,dense,0.6284452584452584,0.6673698109830799,0.8605128205128205,19,test,195,,,105
20,scifact,,21.462528736689517,rrf,0.6672100122100122,0.7118881504172755,0.8953846153846153,19,test,195,,,105
20,scifact,,21.462528736689517,zscore_fusion,0.6845115995115996,0.7208313938662391,0.8902564102564102,19,test,195,,,105
20,scifact,,21.462528736689517,minmax_fusion,0.6808587708587709,0.7155694172402042,0.8748717948717949,19,test,195,,,105
20,scifact,0.5,21.462528736689517,validation_weighted_fusion,0.6845115995115996,0.7208313938662391,0.8902564102564102,19,test,195,0.6485525321239607,0.6787080574658708,105
20,scifact,,5.8914951966774725,bm25,0.6317501017501017,0.6680093338221503,0.8312820512820512,31,test,195,,,105
20,scifact,,15.571033540012044,dense,0.6066076516076516,0.646947605594106,0.8471794871794871,31,test,195,,,105
20,scifact,,21.462528736689517,rrf,0.6544261294261294,0.6978161310035337,0.8897435897435897,31,test,195,,,105
20,scifact,,21.462528736689517,zscore_fusion,0.6770960520960521,0.7111013781701667,0.8897435897435897,31,test,195,,,105
20,scifact,,21.462528736689517,minmax_fusion,0.6664509564509564,0.6982031932431129,0.8692307692307693,31,test,195,,,105
20,scifact,0.5,21.462528736689517,validation_weighted_fusion,0.6770960520960521,0.7111013781701667,0.8897435897435897,31,test,195,0.6623242630385487,0.6967780866157194,105
20,scifact,,5.8914951966774725,bm25,0.642085877085877,0.6710462285952398,0.8261538461538461,47,test,195,,,105
20,scifact,,15.571033540012044,dense,0.613880748880749,0.650618204559322,0.824102564102564,47,test,195,,,105
20,scifact,,21.462528736689517,rrf,0.65999592999593,0.7020673664981616,0.9051282051282051,47,test,195,,,105
20,scifact,,21.462528736689517,zscore_fusion,0.6793610093610093,0.7134955138156344,0.8846153846153846,47,test,195,,,105
20,scifact,,21.462528736689517,minmax_fusion,0.6711945461945462,0.7013895073043548,0.8589743589743589,47,test,195,,,105
20,scifact,0.4,21.462528736689517,validation_weighted_fusion,0.6691208791208791,0.6957753154841163,0.8492307692307692,47,test,195,0.6721541950113379,0.697299151134803,105
20,scifact,,5.8914951966774725,bm25,0.612903947903948,0.6490266366394436,0.8112820512820512,73,test,195,,,105
20,scifact,,15.571033540012044,dense,0.5745909645909646,0.6146213928715087,0.8174358974358975,73,test,195,,,105
20,scifact,,21.462528736689517,rrf,0.6251872201872202,0.671572483395674,0.8815384615384616,73,test,195,,,105
20,scifact,,21.462528736689517,zscore_fusion,0.6438603988603988,0.6839613696995684,0.8712820512820513,73,test,195,,,105
20,scifact,,21.462528736689517,minmax_fusion,0.6378306878306879,0.6754952123465506,0.8558974358974359,73,test,195,,,105
20,scifact,0.5,21.462528736689517,validation_weighted_fusion,0.6438603988603988,0.6839613696995684,0.8712820512820513,73,test,195,0.724047619047619,0.7471809594896875,105
20,scifact,,5.8914951966774725,bm25,0.6305331705331706,0.6574570782604745,0.8105982905982906,109,test,195,,,105
20,scifact,,15.571033540012044,dense,0.5972059422059423,0.6367495721575601,0.8246153846153846,109,test,195,,,105
20,scifact,,21.462528736689517,rrf,0.6367643467643468,0.6767344065693756,0.8646153846153846,109,test,195,,,105
20,scifact,,21.462528736689517,zscore_fusion,0.6579324379324379,0.6897433864298617,0.8594871794871795,109,test,195,,,105
20,scifact,,21.462528736689517,minmax_fusion,0.6566015466015466,0.6864779355423405,0.8441025641025641,109,test,195,,,105
20,scifact,0.5,21.462528736689517,validation_weighted_fusion,0.6579324379324379,0.6897433864298617,0.8594871794871795,109,test,195,0.6979138321995465,0.7364429284191432,105
20,scifact,,5.8914951966774725,bm25,0.6426048026048026,0.673843206476677,0.8411111111111111,149,test,195,,,105
20,scifact,,15.571033540012044,dense,0.6071998371998373,0.6435197528003891,0.8369230769230769,149,test,195,,,105
20,scifact,,21.462528736689517,rrf,0.6651811151811152,0.7051411882674138,0.8871794871794871,149,test,195,,,105
20,scifact,,21.462528736689517,zscore_fusion,0.6868396418396419,0.7193034771369516,0.8871794871794871,149,test,195,,,105
20,scifact,,21.462528736689517,minmax_fusion,0.6788013838013839,0.7062795266560877,0.8615384615384616,149,test,195,,,105
20,scifact,0.5,21.462528736689517,validation_weighted_fusion,0.6868396418396419,0.7193034771369516,0.8871794871794871,149,test,195,0.6442290249433106,0.6815456171059758,105
20,scifact,,5.8914951966774725,bm25,0.6620492470492471,0.6889792845861449,0.8441025641025641,181,test,195,,,105
20,scifact,,15.571033540012044,dense,0.6004680504680504,0.6469522986323201,0.8497435897435897,181,test,195,,,105
20,scifact,,21.462528736689517,rrf,0.6733292633292634,0.7103088928087077,0.8923076923076924,181,test,195,,,105
20,scifact,,21.462528736689517,zscore_fusion,0.7012087912087912,0.7287155671184213,0.8871794871794871,181,test,195,,,105
20,scifact,,21.462528736689517,minmax_fusion,0.6943345543345543,0.7184853411343948,0.8717948717948718,181,test,195,,,105
20,scifact,0.8,21.462528736689517,validation_weighted_fusion,0.6728530728530729,0.7031432015158597,0.8497435897435897,181,test,195,0.6377324263038548,0.6687818904252736,105
50,scifact,,5.8914951966774725,bm25,0.6407244607244608,0.6762632809912035,0.875897435897436,19,test,195,,,105
50,scifact,,15.571033540012044,dense,0.6284452584452584,0.6673698109830799,0.9076923076923077,19,test,195,,,105
50,scifact,,21.462528736689517,rrf,0.6594790394790394,0.7005333812211172,0.9487179487179487,19,test,195,,,105
50,scifact,,21.462528736689517,zscore_fusion,0.6833251933251933,0.7169511764400233,0.9435897435897436,19,test,195,,,105
50,scifact,,21.462528736689517,minmax_fusion,0.6815364265364265,0.7134683551081094,0.9333333333333333,19,test,195,,,105
50,scifact,0.5,21.462528736689517,validation_weighted_fusion,0.6833251933251933,0.7169511764400233,0.9435897435897436,19,test,195,0.6587414965986395,0.6910505584717017,105
50,scifact,,5.8914951966774725,bm25,0.6317501017501017,0.6680093338221503,0.874102564102564,31,test,195,,,105
50,scifact,,15.571033540012044,dense,0.6066076516076516,0.646947605594106,0.9107692307692308,31,test,195,,,105
50,scifact,,21.462528736689517,rrf,0.6528266178266178,0.6954714742279182,0.9543589743589743,31,test,195,,,105
50,scifact,,21.462528736689517,zscore_fusion,0.6864448514448515,0.7214684542441183,0.9543589743589743,31,test,195,,,105
50,scifact,,21.462528736689517,minmax_fusion,0.6724277574277574,0.7065321036429627,0.938974358974359,31,test,195,,,105
50,scifact,0.6,21.462528736689517,validation_weighted_fusion,0.6744301994301994,0.7097892900032676,0.9364102564102564,31,test,195,0.6690022675736961,0.6990495195440191,105
50,scifact,,5.8914951966774725,bm25,0.642085877085877,0.6710462285952398,0.8664102564102564,47,test,195,,,105
50,scifact,,15.571033540012044,dense,0.613880748880749,0.650618204559322,0.8825641025641026,47,test,195,,,105
50,scifact,,21.462528736689517,rrf,0.6545787545787546,0.6932738824598952,0.9441025641025641,47,test,195,,,105
50,scifact,,21.462528736689517,zscore_fusion,0.6801912901912901,0.7122046609201599,0.938974358974359,47,test,195,,,105
50,scifact,,21.462528736689517,minmax_fusion,0.6777269027269027,0.7080931543200476,0.9235897435897436,47,test,195,,,105
50,scifact,0.5,21.462528736689517,validation_weighted_fusion,0.6801912901912901,0.7122046609201599,0.938974358974359,47,test,195,0.6645616024187453,0.6998655158657336,105
50,scifact,,5.8914951966774725,bm25,0.612903947903948,0.6490266366394436,0.8635897435897436,73,test,195,,,105
50,scifact,,15.571033540012044,dense,0.5745909645909646,0.6146213928715087,0.8748717948717949,73,test,195,,,105
50,scifact,,21.462528736689517,rrf,0.6216157916157916,0.6691074442692334,0.9338461538461538,73,test,195,,,105
50,scifact,,21.462528736689517,zscore_fusion,0.6483251933251933,0.6895735130567867,0.9287179487179487,73,test,195,,,105
50,scifact,,21.462528736689517,minmax_fusion,0.6442144892144892,0.6828101532603467,0.903076923076923,73,test,195,,,105
50,scifact,0.5,21.462528736689517,validation_weighted_fusion,0.6483251933251933,0.6895735130567867,0.9287179487179487,73,test,195,0.7237414965986395,0.741894790469141,105
50,scifact,,5.8914951966774725,bm25,0.6305331705331706,0.6574570782604745,0.8575213675213675,109,test,195,,,105
50,scifact,,15.571033540012044,dense,0.5972059422059423,0.6367495721575601,0.8923076923076924,109,test,195,,,105
50,scifact,,21.462528736689517,rrf,0.6357895807895808,0.6779414997254141,0.9282051282051282,109,test,195,,,105
50,scifact,,21.462528736689517,zscore_fusion,0.6666096866096866,0.6967583641630137,0.9230769230769231,109,test,195,,,105
50,scifact,,21.462528736689517,minmax_fusion,0.6613024013024013,0.6941186729085868,0.9128205128205128,109,test,195,,,105
50,scifact,0.5,21.462528736689517,validation_weighted_fusion,0.6666096866096866,0.6967583641630137,0.9230769230769231,109,test,195,0.6897845804988663,0.7285514955575766,105
50,scifact,,5.8914951966774725,bm25,0.6426048026048026,0.673843206476677,0.8762393162393163,149,test,195,,,105
50,scifact,,15.571033540012044,dense,0.6071998371998373,0.6435197528003891,0.8953846153846153,149,test,195,,,105
50,scifact,,21.462528736689517,rrf,0.6637098087098088,0.703391534110116,0.9312820512820512,149,test,195,,,105
50,scifact,,21.462528736689517,zscore_fusion,0.696023606023606,0.7258252601046654,0.9312820512820512,149,test,195,,,105
50,scifact,,21.462528736689517,minmax_fusion,0.6887525437525438,0.7182779368328335,0.9107692307692308,149,test,195,,,105
50,scifact,0.6,21.462528736689517,validation_weighted_fusion,0.6895706145706146,0.7217905830106308,0.9107692307692308,149,test,195,0.6408843537414967,0.676761403958916,105
50,scifact,,5.8914951966774725,bm25,0.6620492470492471,0.6889792845861449,0.8894871794871795,181,test,195,,,105
50,scifact,,15.571033540012044,dense,0.6004680504680504,0.6469522986323201,0.8825641025641026,181,test,195,,,105
50,scifact,,21.462528736689517,rrf,0.6677126577126576,0.7054709736269394,0.9415384615384615,181,test,195,,,105
50,scifact,,21.462528736689517,zscore_fusion,0.6985307285307285,0.7286394222483616,0.9364102564102564,181,test,195,,,105
50,scifact,,21.462528736689517,minmax_fusion,0.6922140822140823,0.7194181082212252,0.9158974358974359,181,test,195,,,105
50,scifact,0.8,21.462528736689517,validation_weighted_fusion,0.6807753357753358,0.7123150837067826,0.8825641025641026,181,test,195,0.6408919123204838,0.6846070167224076,105
100,scifact,,5.8914951966774725,bm25,0.6407244607244608,0.6762632809912035,0.875897435897436,19,test,195,,,105
100,scifact,,15.571033540012044,dense,0.6284452584452584,0.6673698109830799,0.9358974358974359,19,test,195,,,105
100,scifact,,21.462528736689517,rrf,0.6582885632885633,0.6973211422217124,0.9615384615384616,19,test,195,,,105
100,scifact,,21.462528736689517,zscore_fusion,0.6780606430606432,0.7109021174384608,0.9615384615384616,19,test,195,,,105
100,scifact,,21.462528736689517,minmax_fusion,0.6826048026048026,0.7120085340374805,0.9512820512820512,19,test,195,,,105
100,scifact,0.5,21.462528736689517,validation_weighted_fusion,0.6780606430606432,0.7109021174384608,0.9615384615384616,19,test,195,0.6676417233560091,0.6947262297343662,105
100,scifact,,5.8914951966774725,bm25,0.6317501017501017,0.6680093338221503,0.8774358974358974,31,test,195,,,105
100,scifact,,15.571033540012044,dense,0.6066076516076516,0.646947605594106,0.9384615384615385,31,test,195,,,105
100,scifact,,21.462528736689517,rrf,0.6503886853886854,0.692661341479989,0.9630769230769232,31,test,195,,,105
100,scifact,,21.462528736689517,zscore_fusion,0.6816931216931217,0.7158863999464887,0.9641025641025641,31,test,195,,,105
100,scifact,,21.462528736689517,minmax_fusion,0.674051689051689,0.7090921147373445,0.9538461538461539,31,test,195,,,105
100,scifact,0.8,21.462528736689517,validation_weighted_fusion,0.6717989417989417,0.7104719540493929,0.9384615384615385,31,test,195,0.6759901738473166,0.7078568002198083,105
100,scifact,,5.8914951966774725,bm25,0.642085877085877,0.6710462285952398,0.8851282051282051,47,test,195,,,105
100,scifact,,15.571033540012044,dense,0.613880748880749,0.650618204559322,0.9179487179487179,47,test,195,,,105
100,scifact,,21.462528736689517,rrf,0.6515059015059015,0.6895253510230032,0.9528205128205128,47,test,195,,,105
100,scifact,,21.462528736689517,zscore_fusion,0.6800264550264551,0.711439222379912,0.9538461538461539,47,test,195,,,105
100,scifact,,21.462528736689517,minmax_fusion,0.6789153439153439,0.7082905884907871,0.9435897435897436,47,test,195,,,105
100,scifact,0.5,21.462528736689517,validation_weighted_fusion,0.6800264550264551,0.711439222379912,0.9538461538461539,47,test,195,0.6639909297052153,0.6937287491288139,105
100,scifact,,5.8914951966774725,bm25,0.612903947903948,0.6490266366394436,0.8810256410256411,73,test,195,,,105
100,scifact,,15.571033540012044,dense,0.5745909645909646,0.6146213928715087,0.9076923076923077,73,test,195,,,105
100,scifact,,21.462528736689517,rrf,0.6193671143671143,0.6644315326638498,0.9476923076923077,73,test,195,,,105
100,scifact,,21.462528736689517,zscore_fusion,0.6501973951973952,0.6875193375096269,0.9487179487179487,73,test,195,,,105
100,scifact,,21.462528736689517,minmax_fusion,0.6468355718355718,0.681491506145194,0.9282051282051282,73,test,195,,,105
100,scifact,0.8,21.462528736689517,validation_weighted_fusion,0.6522832722832723,0.6915034385326783,0.9076923076923077,73,test,195,0.7122335600907029,0.7430840433222783,105
100,scifact,,5.8914951966774725,bm25,0.6305331705331706,0.6574570782604745,0.8741880341880341,109,test,195,,,105
100,scifact,,15.571033540012044,dense,0.5972059422059423,0.6367495721575601,0.9230769230769231,109,test,195,,,105
100,scifact,,21.462528736689517,rrf,0.6341290191290191,0.6722908254981367,0.9435897435897436,109,test,195,,,105
100,scifact,,21.462528736689517,zscore_fusion,0.6686874236874237,0.6967647858862412,0.9435897435897436,109,test,195,,,105
100,scifact,,21.462528736689517,minmax_fusion,0.6625844525844525,0.6913396455232019,0.9333333333333333,109,test,195,,,105
100,scifact,0.8,21.462528736689517,validation_weighted_fusion,0.6638949938949938,0.6994749551606547,0.9230769230769231,109,test,195,0.6906689342403628,0.7282797981560364,105
100,scifact,,5.8914951966774725,bm25,0.6426048026048026,0.673843206476677,0.8885470085470086,149,test,195,,,105
100,scifact,,15.571033540012044,dense,0.6071998371998373,0.6435197528003891,0.9153846153846154,149,test,195,,,105
100,scifact,,21.462528736689517,rrf,0.6600691900691901,0.6980726749301474,0.9451282051282052,149,test,195,,,105
100,scifact,,21.462528736689517,zscore_fusion,0.6897395197395197,0.7171316061231553,0.9461538461538461,149,test,195,,,105
100,scifact,,21.462528736689517,minmax_fusion,0.6862372812372812,0.713307792315947,0.9358974358974359,149,test,195,,,105
100,scifact,0.4,21.462528736689517,validation_weighted_fusion,0.6851119251119252,0.7134514231690223,0.9338461538461538,149,test,195,0.6518367346938775,0.6861577808503755,105
100,scifact,,5.8914951966774725,bm25,0.6620492470492471,0.6889792845861449,0.9082051282051282,181,test,195,,,105
100,scifact,,15.571033540012044,dense,0.6004680504680504,0.6469522986323201,0.9282051282051282,181,test,195,,,105
100,scifact,,21.462528736689517,rrf,0.6684574684574685,0.7054128487179606,0.957948717948718,181,test,195,,,105
100,scifact,,21.462528736689517,zscore_fusion,0.7006654456654456,0.7276867869360247,0.958974358974359,181,test,195,,,105
100,scifact,,21.462528736689517,minmax_fusion,0.6986731786731788,0.7241894077316176,0.9435897435897436,181,test,195,,,105
100,scifact,0.8,21.462528736689517,validation_weighted_fusion,0.6903825803825804,0.7250799137849464,0.9282051282051282,181,test,195,0.641477702191988,0.6807277321394947,105
200,scifact,,5.8914951966774725,bm25,0.6407244607244608,0.6762632809912035,0.875897435897436,19,test,195,,,105
200,scifact,,15.571033540012044,dense,0.6284452584452584,0.6673698109830799,0.9358974358974359,19,test,195,,,105
200,scifact,,21.462528736689517,rrf,0.6600691900691901,0.7009994584915361,0.9615384615384616,19,test,195,,,105
200,scifact,,21.462528736689517,zscore_fusion,0.6803378103378104,0.7151116730141783,0.9615384615384616,19,test,195,,,105
200,scifact,,21.462528736689517,minmax_fusion,0.6855962555962556,0.7181962495981452,0.9564102564102565,19,test,195,,,105
200,scifact,0.5,21.462528736689517,validation_weighted_fusion,0.6803378103378104,0.7151116730141783,0.9615384615384616,19,test,195,0.6692290249433106,0.6999893722252997,105
200,scifact,,5.8914951966774725,bm25,0.6317501017501017,0.6680093338221503,0.8774358974358974,31,test,195,,,105
200,scifact,,15.571033540012044,dense,0.6066076516076516,0.646947605594106,0.9384615384615385,31,test,195,,,105
200,scifact,,21.462528736689517,rrf,0.6515079365079365,0.6947042810718046,0.9641025641025641,31,test,195,,,105
200,scifact,,21.462528736689517,zscore_fusion,0.6832804232804234,0.7183385784793236,0.9538461538461539,31,test,195,,,105
200,scifact,,21.462528736689517,minmax_fusion,0.6756613756613756,0.7105461458424581,0.9487179487179487,31,test,195,,,105
200,scifact,0.8,21.462528736689517,validation_weighted_fusion,0.674037444037444,0.7146857124401808,0.9487179487179487,31,test,195,0.6767422524565381,0.7104097473787941,105
200,scifact,,5.8914951966774725,bm25,0.642085877085877,0.6710462285952398,0.8851282051282051,47,test,195,,,105
200,scifact,,15.571033540012044,dense,0.613880748880749,0.650618204559322,0.9179487179487179,47,test,195,,,105
200,scifact,,21.462528736689517,rrf,0.6531949531949532,0.6931120341823264,0.958974358974359,47,test,195,,,105
200,scifact,,21.462528736689517,zscore_fusion,0.6833781033781033,0.7174565738386663,0.9487179487179487,47,test,195,,,105
200,scifact,,21.462528736689517,minmax_fusion,0.6821204721204721,0.7132722237133291,0.9487179487179487,47,test,195,,,105
200,scifact,0.7,21.462528736689517,validation_weighted_fusion,0.68995522995523,0.7254188100631214,0.9487179487179487,47,test,195,0.659493575207861,0.695985864194429,105
200,scifact,,5.8914951966774725,bm25,0.612903947903948,0.6490266366394436,0.8810256410256411,73,test,195,,,105
200,scifact,,15.571033540012044,dense,0.5745909645909646,0.6146213928715087,0.9076923076923077,73,test,195,,,105
200,scifact,,21.462528736689517,rrf,0.6204863654863655,0.6664744722556655,0.958974358974359,73,test,195,,,105
200,scifact,,21.462528736689517,zscore_fusion,0.6525111925111925,0.6916288683502086,0.958974358974359,73,test,195,,,105
200,scifact,,21.462528736689517,minmax_fusion,0.6494708994708994,0.6859103046997219,0.9487179487179487,73,test,195,,,105
200,scifact,0.5,21.462528736689517,validation_weighted_fusion,0.6525111925111925,0.6916288683502086,0.958974358974359,73,test,195,0.7209070294784581,0.7436002951726716,105
200,scifact,,5.8914951966774725,bm25,0.6305331705331706,0.6574570782604745,0.8741880341880341,109,test,195,,,105
200,scifact,,15.571033540012044,dense,0.5972059422059423,0.6367495721575601,0.9230769230769231,109,test,195,,,105
200,scifact,,21.462528736689517,rrf,0.6352686202686202,0.675378312633152,0.9538461538461539,109,test,195,,,105
200,scifact,,21.462528736689517,zscore_fusion,0.6713919413919415,0.7032325238870372,0.9435897435897436,109,test,195,,,105
200,scifact,,21.462528736689517,minmax_fusion,0.6648351648351648,0.6954707439640319,0.9435897435897436,109,test,195,,,105
200,scifact,0.7,21.462528736689517,validation_weighted_fusion,0.6687016687016687,0.7034479682428216,0.9487179487179487,109,test,195,0.6989644746787604,0.7367888561464142,105
200,scifact,,5.8914951966774725,bm25,0.6426048026048026,0.673843206476677,0.8885470085470086,149,test,195,,,105
200,scifact,,15.571033540012044,dense,0.6071998371998373,0.6435197528003891,0.9153846153846154,149,test,195,,,105
200,scifact,,21.462528736689517,rrf,0.6611172161172161,0.701068528954662,0.9564102564102565,149,test,195,,,105
200,scifact,,21.462528736689517,zscore_fusion,0.6924379324379324,0.7237128192125729,0.9512820512820512,149,test,195,,,105
200,scifact,,21.462528736689517,minmax_fusion,0.6873341473341472,0.7167346605955145,0.9461538461538461,149,test,195,,,105
200,scifact,0.4,21.462528736689517,validation_weighted_fusion,0.6845624745624747,0.7179737253115823,0.9358974358974359,149,test,195,0.654625850340136,0.6901123807927713,105
200,scifact,,5.8914951966774725,bm25,0.6620492470492471,0.6889792845861449,0.9082051282051282,181,test,195,,,105
200,scifact,,15.571033540012044,dense,0.6004680504680504,0.6469522986323201,0.9282051282051282,181,test,195,,,105
200,scifact,,21.462528736689517,rrf,0.6696682946682947,0.7075474214202767,0.9641025641025641,181,test,195,,,105
200,scifact,,21.462528736689517,zscore_fusion,0.7035775335775335,0.7322804287615718,0.9538461538461539,181,test,195,,,105
200,scifact,,21.462528736689517,minmax_fusion,0.701949531949532,0.7302259748850467,0.9435897435897436,181,test,195,,,105
200,scifact,0.8,21.462528736689517,validation_weighted_fusion,0.6925132275132276,0.7291135303615806,0.9435897435897436,181,test,195,0.6424300831443689,0.6836152283819087,105
20,nfcorpus,,0.7949502941196851,bm25,0.5429875283446712,0.3265169059796161,0.19102483765926986,19,test,210,,,113
20,nfcorpus,,9.58392150155319,dense,0.538879440665155,0.33778386570807667,0.2092611412174154,19,test,210,,,113
20,nfcorpus,,10.378871795672875,rrf,0.5709580498866214,0.36062012309481345,0.22713201374839695,19,test,210,,,113
20,nfcorpus,,10.378871795672875,zscore_fusion,0.5720408163265306,0.3599216751430492,0.22122795432099945,19,test,210,,,113
20,nfcorpus,,10.378871795672875,minmax_fusion,0.572108843537415,0.3639091206953504,0.22062684092094012,19,test,210,,,113
20,nfcorpus,0.3,10.378871795672875,validation_weighted_fusion,0.5692309145880574,0.3543334331451298,0.20892154876172037,19,test,210,0.5227981458069954,0.30861939374869474,113
20,nfcorpus,,0.7949502941196851,bm25,0.5109504913076341,0.29636301648784547,0.1753434814146614,31,test,210,,,113
20,nfcorpus,,9.58392150155319,dense,0.5078004535147392,0.3063851536894775,0.18493011668638518,31,test,210,,,113
20,nfcorpus,,10.378871795672875,rrf,0.5392441421012849,0.32776477307332114,0.2104459266504631,31,test,210,,,113
20,nfcorpus,,10.378871795672875,zscore_fusion,0.5373828420256992,0.3247611660223208,0.2069076582059133,31,test,210,,,113
20,nfcorpus,,10.378871795672875,minmax_fusion,0.538034769463341,0.3283539358457,0.20423673952779117,31,test,210,,,113
20,nfcorpus,0.5,10.378871795672875,validation_weighted_fusion,0.5373828420256992,0.3247611660223208,0.2069076582059133,31,test,210,0.5485812614131198,0.36621947911104297,113
20,nfcorpus,,0.7949502941196851,bm25,0.5076832955404383,0.30053749818305053,0.1730063437981727,47,test,210,,,113
20,nfcorpus,,9.58392150155319,dense,0.5100302343159486,0.30907019620531945,0.19042402114752532,47,test,210,,,113
20,nfcorpus,,10.378871795672875,rrf,0.5496749811035525,0.3309599515593912,0.21061100355082438,47,test,210,,,113
20,nfcorpus,,10.378871795672875,zscore_fusion,0.5328136810279668,0.3298667431783568,0.20668280835527883,47,test,210,,,113
20,nfcorpus,,10.378871795672875,minmax_fusion,0.5476568405139833,0.3388981242493358,0.2056233475233793,47,test,210,,,113
20,nfcorpus,0.2,10.378871795672875,validation_weighted_fusion,0.5386035525321239,0.3221430613515083,0.18822546813514598,47,test,210,0.5597555836493889,0.36076887695018683,113
20,nfcorpus,,0.7949502941196851,bm25,0.5038340891912321,0.2977828505189236,0.17733968049363505,73,test,210,,,113
20,nfcorpus,,9.58392150155319,dense,0.5035733182161753,0.3098509009099439,0.18227025782510192,73,test,210,,,113
20,nfcorpus,,10.378871795672875,rrf,0.5439399092970522,0.33070415038868367,0.20916210353800813,73,test,210,,,113
20,nfcorpus,,10.378871795672875,zscore_fusion,0.5361054421768707,0.32682757444170807,0.20341456346573572,73,test,210,,,113
20,nfcorpus,,10.378871795672875,minmax_fusion,0.5453949357520786,0.33276799308640365,0.1986968753876389,73,test,210,,,113
20,nfcorpus,0.5,10.378871795672875,validation_weighted_fusion,0.5361054421768707,0.32682757444170807,0.20341456346573572,73,test,210,0.5509551903357213,0.3623792510750136,113
20,nfcorpus,,0.7949502941196851,bm25,0.525587679516251,0.3124397032108829,0.1860408288999355,109,test,210,,,113
20,nfcorpus,,9.58392150155319,dense,0.5208578987150415,0.32101781638524046,0.1957178327913223,109,test,210,,,113
20,nfcorpus,,10.378871795672875,rrf,0.556201814058957,0.34632694762199634,0.21631127104894537,109,test,210,,,113
20,nfcorpus,,10.378871795672875,zscore_fusion,0.5467063492063492,0.3446837071615716,0.21083127317246664,109,test,210,,,113
20,nfcorpus,,10.378871795672875,minmax_fusion,0.5562150415721844,0.3503090535539713,0.20982693381615816,109,test,210,,,113
20,nfcorpus,0.3,10.378871795672875,validation_weighted_fusion,0.5628099017384732,0.34062432288501476,0.1985097642191626,109,test,210,0.5347310015451608,0.33409650131174035,113
20,nfcorpus,,0.7949502941196851,bm25,0.5218310657596372,0.31198225667913215,0.17181465093270745,149,test,210,,,113
20,nfcorpus,,9.58392150155319,dense,0.5190759637188208,0.3257221095640513,0.1892992259931311,149,test,210,,,113
20,nfcorpus,,10.378871795672875,rrf,0.5483314436885866,0.347544114289594,0.2077159569259574,149,test,210,,,113
20,nfcorpus,,10.378871795672875,zscore_fusion,0.5488586545729404,0.34507289405162384,0.2022505593708654,149,test,210,,,113
20,nfcorpus,,10.378871795672875,minmax_fusion,0.5477702191987905,0.34993668772056113,0.20458822833805762,149,test,210,,,113
20,nfcorpus,0.4,10.378871795672875,validation_weighted_fusion,0.5546995464852608,0.3379022516109647,0.19190100257339784,149,test,210,0.5461862621154657,0.3371878511665173,113
20,nfcorpus,,0.7949502941196851,bm25,0.5214928193499622,0.31016502378112504,0.16122856623974302,181,test,210,,,113
20,nfcorpus,,9.58392150155319,dense,0.4950755857898715,0.30513755225580835,0.1726420648401135,181,test,210,,,113
20,nfcorpus,,10.378871795672875,rrf,0.5459372637944067,0.33807713225395886,0.19746300781635584,181,test,210,,,113
20,nfcorpus,,10.378871795672875,zscore_fusion,0.5371636432350718,0.3335377213879822,0.19289313848335476,181,test,210,,,113
20,nfcorpus,,10.378871795672875,minmax_fusion,0.5451379440665155,0.3396975835693406,0.190297824270607,181,test,210,,,113
20,nfcorpus,0.5,10.378871795672875,validation_weighted_fusion,0.5371636432350718,0.3335377213879822,0.19289313848335476,181,test,210,0.5489886219974716,0.34990906648459263,113
50,nfcorpus,,0.7949502941196851,bm25,0.5429875283446712,0.3265169059796161,0.22506337609018792,19,test,210,,,113
50,nfcorpus,,9.58392150155319,dense,0.538879440665155,0.33778386570807667,0.2747695536935973,19,test,210,,,113
50,nfcorpus,,10.378871795672875,rrf,0.5742649281934996,0.36465261363038176,0.28136142678389947,19,test,210,,,113
50,nfcorpus,,10.378871795672875,zscore_fusion,0.5720086923658353,0.3624566024279983,0.28368109096670197,19,test,210,,,113
50,nfcorpus,,10.378871795672875,minmax_fusion,0.575239984882842,0.3657193557477241,0.2805328926292715,19,test,210,,,113
50,nfcorpus,0.4,10.378871795672875,validation_weighted_fusion,0.5767762660619804,0.36060159569693134,0.26852393350144105,19,test,210,0.5090462143559489,0.3109568992290084,113
50,nfcorpus,,0.7949502941196851,bm25,0.5109504913076341,0.29636301648784547,0.2080666115781862,31,test,210,,,113
50,nfcorpus,,9.58392150155319,dense,0.5078004535147392,0.3063851536894775,0.2357627887664803,31,test,210,,,113
50,nfcorpus,,10.378871795672875,rrf,0.5397940287226002,0.32829709222033077,0.26005793379909564,31,test,210,,,113
50,nfcorpus,,10.378871795672875,zscore_fusion,0.5364720332577475,0.3273656317189851,0.2545303350192248,31,test,210,,,113
50,nfcorpus,,10.378871795672875,minmax_fusion,0.5380045351473922,0.32728988968131895,0.25181320662672296,31,test,210,,,113
50,nfcorpus,0.4,10.378871795672875,validation_weighted_fusion,0.5480536659108087,0.3287876498676641,0.2464024519654827,31,test,210,0.562424497822728,0.37008016138959354,113
50,nfcorpus,,0.7949502941196851,bm25,0.5076832955404383,0.30053749818305053,0.20552496511900417,47,test,210,,,113
50,nfcorpus,,9.58392150155319,dense,0.5100302343159486,0.30907019620531945,0.24650189015125923,47,test,210,,,113
50,nfcorpus,,10.378871795672875,rrf,0.5498998488284202,0.33199794378177006,0.2576956464980308,47,test,210,,,113
50,nfcorpus,,10.378871795672875,zscore_fusion,0.5330007558578986,0.33013991232496503,0.2605845247859019,47,test,210,,,113
50,nfcorpus,,10.378871795672875,minmax_fusion,0.5421182917611489,0.3336944137138245,0.2600295718937343,47,test,210,,,113
50,nfcorpus,0.4,10.378871795672875,validation_weighted_fusion,0.5471428571428572,0.3324230046695474,0.24715703063790748,47,test,210,0.5641171512852928,0.3633241922887485,113
50,nfcorpus,,0.7949502941196851,bm25,0.5038340891912321,0.2977828505189236,0.20989676871253807,73,test,210,,,113
50,nfcorpus,,9.58392150155319,dense,0.5035733182161753,0.3098509009099439,0.24491877797035896,73,test,210,,,113
50,nfcorpus,,10.378871795672875,rrf,0.5474244142101284,0.3336701166008671,0.26184532068080396,73,test,210,,,113
50,nfcorpus,,10.378871795672875,zscore_fusion,0.5404327286470144,0.3315130855644436,0.2611047214020288,73,test,210,,,113
50,nfcorpus,,10.378871795672875,minmax_fusion,0.5451398337112623,0.3325659650892215,0.26212010565369476,73,test,210,,,113
50,nfcorpus,0.4,10.378871795672875,validation_weighted_fusion,0.5495616024187453,0.3328307597611339,0.24302318086235417,73,test,210,0.559622137940722,0.36256641733978245,113
50,nfcorpus,,0.7949502941196851,bm25,0.525587679516251,0.3124397032108829,0.22168991828174553,109,test,210,,,113
50,nfcorpus,,9.58392150155319,dense,0.5208578987150415,0.32101781638524046,0.24824059489895667,109,test,210,,,113
50,nfcorpus,,10.378871795672875,rrf,0.5555139833711262,0.342788818610141,0.26735260905087677,109,test,210,,,113
50,nfcorpus,,10.378871795672875,zscore_fusion,0.5523450491307634,0.3405034301552592,0.26114965924772565,109,test,210,,,113
50,nfcorpus,,10.378871795672875,minmax_fusion,0.5532086167800454,0.3430130088648721,0.2607926427235448,109,test,210,,,113
50,nfcorpus,0.5,10.378871795672875,validation_weighted_fusion,0.5523450491307634,0.3405034301552592,0.26114965924772565,109,test,210,0.5257725804185981,0.3433275894146558,113
50,nfcorpus,,0.7949502941196851,bm25,0.5218310657596372,0.31198225667913215,0.20508604844440823,149,test,210,,,113
50,nfcorpus,,9.58392150155319,dense,0.5190759637188208,0.3257221095640513,0.24906795908376878,149,test,210,,,113
50,nfcorpus,,10.378871795672875,rrf,0.5535638699924414,0.35063503544244445,0.2595441166679519,149,test,210,,,113
50,nfcorpus,,10.378871795672875,zscore_fusion,0.5489928193499621,0.3433331786368965,0.255017878874087,149,test,210,,,113
50,nfcorpus,,10.378871795672875,minmax_fusion,0.551734693877551,0.34856672478170814,0.25935521941909273,149,test,210,,,113
50,nfcorpus,0.4,10.378871795672875,validation_weighted_fusion,0.5582123960695389,0.3442560750924659,0.24768177275520137,149,test,210,0.5435454417755302,0.34133353044084674,113
50,nfcorpus,,0.7949502941196851,bm25,0.5214928193499622,0.31016502378112504,0.1936250961056464,181,test,210,,,113
50,nfcorpus,,9.58392150155319,dense,0.4950755857898715,0.30513755225580835,0.2383298809452884,181,test,210,,,113
50,nfcorpus,,10.378871795672875,rrf,0.5434845049130763,0.33605089205480615,0.2551637894521035,181,test,210,,,113
50,nfcorpus,,10.378871795672875,zscore_fusion,0.5337679516250945,0.3334020596602539,0.2511552267288532,181,test,210,,,113
50,nfcorpus,,10.378871795672875,minmax_fusion,0.5427664399092971,0.33663534353960317,0.25512493655791185,181,test,210,,,113
50,nfcorpus,0.5,10.378871795672875,validation_weighted_fusion,0.5337679516250945,0.3334020596602539,0.2511552267288532,181,test,210,0.5602963899424076,0.35652482661776297,113
100,nfcorpus,,0.7949502941196851,bm25,0.5429875283446712,0.3265169059796161,0.24873329639958655,19,test,210,,,113
100,nfcorpus,,9.58392150155319,dense,0.538879440665155,0.33778386570807667,0.33269868926721463,19,test,210,,,113
100,nfcorpus,,10.378871795672875,rrf,0.5715117157974301,0.3669031556600129,0.33712959765045486,19,test,210,,,113
100,nfcorpus,,10.378871795672875,zscore_fusion,0.5695653817082388,0.36422614462141367,0.3372107288757568,19,test,210,,,113
100,nfcorpus,,10.378871795672875,minmax_fusion,0.5726114890400604,0.3681814723106672,0.33978668276800605,19,test,210,,,113
100,nfcorpus,0.5,10.378871795672875,validation_weighted_fusion,0.5695653817082388,0.36422614462141367,0.3372107288757568,19,test,210,0.5178430959404411,0.3121439128489049,113
100,nfcorpus,,0.7949502941196851,bm25,0.5109504913076341,0.29636301648784547,0.23146314191709466,31,test,210,,,113
100,nfcorpus,,9.58392150155319,dense,0.5078004535147392,0.3063851536894775,0.29889724898092374,31,test,210,,,113
100,nfcorpus,,10.378871795672875,rrf,0.5376228269085411,0.3296717951659157,0.31363883881638926,31,test,210,,,113
100,nfcorpus,,10.378871795672875,zscore_fusion,0.5472713529856387,0.332313462050962,0.31210692401564094,31,test,210,,,113
100,nfcorpus,,10.378871795672875,minmax_fusion,0.5437679516250945,0.3316040820075715,0.3138029567898663,31,test,210,,,113
100,nfcorpus,0.5,10.378871795672875,validation_weighted_fusion,0.5472713529856387,0.332313462050962,0.31210692401564094,31,test,210,0.5592744767523529,0.37145066806832844,113
100,nfcorpus,,0.7949502941196851,bm25,0.5076832955404383,0.30053749818305053,0.23382831088087574,47,test,210,,,113
100,nfcorpus,,9.58392150155319,dense,0.5100302343159486,0.30907019620531945,0.3097039817488488,47,test,210,,,113
100,nfcorpus,,10.378871795672875,rrf,0.549858276643991,0.33521934238251844,0.31645963819503753,47,test,210,,,113
100,nfcorpus,,10.378871795672875,zscore_fusion,0.5406783824640967,0.3350988708576144,0.3169907492530544,47,test,210,,,113
100,nfcorpus,,10.378871795672875,minmax_fusion,0.5471145124716553,0.3383855389541213,0.32062801417452114,47,test,210,,,113
100,nfcorpus,0.5,10.378871795672875,validation_weighted_fusion,0.5406783824640967,0.3350988708576144,0.3169907492530544,47,test,210,0.571526899845484,0.3662742446223372,113
100,nfcorpus,,0.7949502941196851,bm25,0.5038340891912321,0.2977828505189236,0.2358564607941297,73,test,210,,,113
100,nfcorpus,,9.58392150155319,dense,0.5035733182161753,0.3098509009099439,0.30604348115341024,73,test,210,,,113
100,nfcorpus,,10.378871795672875,rrf,0.5456708238851096,0.33658005257789747,0.32116727405739287,73,test,210,,,113
100,nfcorpus,,10.378871795672875,zscore_fusion,0.5417932728647015,0.3364844644347038,0.31692821163204715,73,test,210,,,113
100,nfcorpus,,10.378871795672875,minmax_fusion,0.548212396069539,0.3375150793215587,0.31987097949766224,73,test,210,,,113
100,nfcorpus,0.5,10.378871795672875,validation_weighted_fusion,0.5417932728647015,0.3364844644347038,0.31692821163204715,73,test,210,0.5694549796319708,0.3636992477091623,113
100,nfcorpus,,0.7949502941196851,bm25,0.525587679516251,0.3124397032108829,0.24913110365082006,109,test,210,,,113
100,nfcorpus,,9.58392150155319,dense,0.5208578987150415,0.32101781638524046,0.3055163368067756,109,test,210,,,113
100,nfcorpus,,10.378871795672875,rrf,0.554911186696901,0.3468943108594919,0.3168080752041953,109,test,210,,,113
100,nfcorpus,,10.378871795672875,zscore_fusion,0.565232426303855,0.3485998939357898,0.3136255967362609,109,test,210,,,113
100,nfcorpus,,10.378871795672875,minmax_fusion,0.5578420256991685,0.35035644503095953,0.3141131531032971,109,test,210,,,113
100,nfcorpus,0.5,10.378871795672875,validation_weighted_fusion,0.565232426303855,0.3485998939357898,0.3136255967362609,109,test,210,0.5258954909397388,0.3411838477513919,113
100,nfcorpus,,0.7949502941196851,bm25,0.5218310657596372,0.31198225667913215,0.2313333477042159,149,test,210,,,113
100,nfcorpus,,9.58392150155319,dense,0.5190759637188208,0.3257221095640513,0.30831100525053284,149,test,210,,,113
100,nfcorpus,,10.378871795672875,rrf,0.5501832955404383,0.34957651342459894,0.31403573966990367,149,test,210,,,113
100,nfcorpus,,10.378871795672875,zscore_fusion,0.5571919879062737,0.3457404535716737,0.31152207553767985,149,test,210,,,113
100,nfcorpus,,10.378871795672875,minmax_fusion,0.5558711262282691,0.34917177794984344,0.31245948324601763,149,test,210,,,113
100,nfcorpus,0.5,10.378871795672875,validation_weighted_fusion,0.5571919879062737,0.3457404535716737,0.31152207553767985,149,test,210,0.5408378985812614,0.3464978519678908,113
100,nfcorpus,,0.7949502941196851,bm25,0.5214928193499622,0.31016502378112504,0.21218961429456631,181,test,210,,,113
100,nfcorpus,,9.58392150155319,dense,0.4950755857898715,0.30513755225580835,0.3013992303029663,181,test,210,,,113
100,nfcorpus,,10.378871795672875,rrf,0.5412868480725623,0.3375690091756657,0.31159281751623397,181,test,210,,,113
100,nfcorpus,,10.378871795672875,zscore_fusion,0.5454327286470144,0.33867699852084454,0.3079286703170829,181,test,210,,,113
100,nfcorpus,,10.378871795672875,minmax_fusion,0.5453099017384732,0.34100358240380374,0.3138069076597132,181,test,210,,,113
100,nfcorpus,0.5,10.378871795672875,validation_weighted_fusion,0.5454327286470144,0.33867699852084454,0.3079286703170829,181,test,210,0.5626913892400618,0.359624626841113,113
200,nfcorpus,,0.7949502941196851,bm25,0.5429875283446712,0.3265169059796161,0.24873329639958655,19,test,210,,,113
200,nfcorpus,,9.58392150155319,dense,0.538879440665155,0.33778386570807667,0.33269868926721463,19,test,210,,,113
200,nfcorpus,,10.378871795672875,rrf,0.5705952380952382,0.3667410290401824,0.3369492552112006,19,test,210,,,113
200,nfcorpus,,10.378871795672875,zscore_fusion,0.5655234315948602,0.3609411625128862,0.3382581990193475,19,test,210,,,113
200,nfcorpus,,10.378871795672875,minmax_fusion,0.571130007558579,0.36554254946408343,0.341840336735676,19,test,210,,,113
200,nfcorpus,0.5,10.378871795672875,validation_weighted_fusion,0.5655234315948602,0.3609411625128862,0.3382581990193475,19,test,210,0.5128283466779042,0.31234504012097747,113
200,nfcorpus,,0.7949502941196851,bm25,0.5109504913076341,0.29636301648784547,0.23146314191709466,31,test,210,,,113
200,nfcorpus,,9.58392150155319,dense,0.5078004535147392,0.3063851536894775,0.29889724898092374,31,test,210,,,113
200,nfcorpus,,10.378871795672875,rrf,0.5389550264550265,0.3307811985114312,0.310818431470057,31,test,210,,,113
200,nfcorpus,,10.378871795672875,zscore_fusion,0.5414040060468632,0.329633208387934,0.3135313854713935,31,test,210,,,113
200,nfcorpus,,10.378871795672875,minmax_fusion,0.5421806500377929,0.32913671055911714,0.31502484361092425,31,test,210,,,113
200,nfcorpus,0.5,10.378871795672875,validation_weighted_fusion,0.5414040060468632,0.329633208387934,0.3135313854713935,31,test,210,0.5576520578732969,0.3705279637160214,113
200,nfcorpus,,0.7949502941196851,bm25,0.5076832955404383,0.30053749818305053,0.23382831088087574,47,test,210,,,113
200,nfcorpus,,9.58392150155319,dense,0.5100302343159486,0.30907019620531945,0.3097039817488488,47,test,210,,,113
200,nfcorpus,,10.378871795672875,rrf,0.5506802721088435,0.33637701950554116,0.31589882329592117,47,test,210,,,113
200,nfcorpus,,10.378871795672875,zscore_fusion,0.5365457294028723,0.33180302448008914,0.3168102020445358,47,test,210,,,113
200,nfcorpus,,10.378871795672875,minmax_fusion,0.5457520786092215,0.33689296532177615,0.3190329357211786,47,test,210,,,113
200,nfcorpus,0.5,10.378871795672875,validation_weighted_fusion,0.5365457294028723,0.33180302448008914,0.3168102020445358,47,test,210,0.5666807135833685,0.36649556212883044,113
200,nfcorpus,,0.7949502941196851,bm25,0.5038340891912321,0.2977828505189236,0.2358564607941297,73,test,210,,,113
200,nfcorpus,,9.58392150155319,dense,0.5035733182161753,0.3098509009099439,0.30604348115341024,73,test,210,,,113
200,nfcorpus,,10.378871795672875,rrf,0.547286470143613,0.337520842920087,0.3175984358441071,73,test,210,,,113
200,nfcorpus,,10.378871795672875,zscore_fusion,0.5382804232804232,0.33301739023750987,0.3124070678652901,73,test,210,,,113
200,nfcorpus,,10.378871795672875,minmax_fusion,0.546744142101285,0.33718728917641716,0.3157801563884508,73,test,210,,,113
200,nfcorpus,0.5,10.378871795672875,validation_weighted_fusion,0.5382804232804232,0.33301739023750987,0.3124070678652901,73,test,210,0.563456946200309,0.36423877620796,113
200,nfcorpus,,0.7949502941196851,bm25,0.525587679516251,0.3124397032108829,0.24913110365082006,109,test,210,,,113
200,nfcorpus,,9.58392150155319,dense,0.5208578987150415,0.32101781638524046,0.3055163368067756,109,test,210,,,113
200,nfcorpus,,10.378871795672875,rrf,0.5540325018896447,0.3462969007436202,0.31368333185444924,109,test,210,,,113
200,nfcorpus,,10.378871795672875,zscore_fusion,0.5587773998488283,0.3450404826093164,0.3121743098623416,109,test,210,,,113
200,nfcorpus,,10.378871795672875,minmax_fusion,0.5539928193499623,0.346677849632908,0.31245921209015787,109,test,210,,,113
200,nfcorpus,0.5,10.378871795672875,validation_weighted_fusion,0.5587773998488283,0.3450404826093164,0.3121743098623416,109,test,210,0.5253652198342463,0.34189497622495674,113
200,nfcorpus,,0.7949502941196851,bm25,0.5218310657596372,0.31198225667913215,0.2313333477042159,149,test,210,,,113
200,nfcorpus,,9.58392150155319,dense,0.5190759637188208,0.3257221095640513,0.30831100525053284,149,test,210,,,113
200,nfcorpus,,10.378871795672875,rrf,0.5492195767195767,0.3493931857387073,0.31168163397714027,149,test,210,,,113
200,nfcorpus,,10.378871795672875,zscore_fusion,0.5498507180650037,0.3440285439803372,0.3101136126845355,149,test,210,,,113
200,nfcorpus,,10.378871795672875,minmax_fusion,0.5521806500377929,0.34769331169304446,0.31110049174755144,149,test,210,,,113
200,nfcorpus,0.5,10.378871795672875,validation_weighted_fusion,0.5498507180650037,0.3440285439803372,0.3101136126845355,149,test,210,0.5419546284590532,0.34377557013721893,113
200,nfcorpus,,0.7949502941196851,bm25,0.5214928193499622,0.31016502378112504,0.21218961429456631,181,test,210,,,113
200,nfcorpus,,9.58392150155319,dense,0.4950755857898715,0.30513755225580835,0.3013992303029663,181,test,210,,,113
200,nfcorpus,,10.378871795672875,rrf,0.5423733938019653,0.3389509489862312,0.30933409024191744,181,test,210,,,113
200,nfcorpus,,10.378871795672875,zscore_fusion,0.5405574452003024,0.33625875567371427,0.3081031053818925,181,test,210,,,113
200,nfcorpus,,10.378871795672875,minmax_fusion,0.5431538170823885,0.3392175412889821,0.3138641906829733,181,test,210,,,113
200,nfcorpus,0.7,10.378871795672875,validation_weighted_fusion,0.5313208616780045,0.3287969557372351,0.3104328363942642,181,test,210,0.5470115184716955,0.3610013940260125,113
20,fiqa,,58.2415635972211,bm25,0.28848263771066623,0.2316312780422893,0.35356502167666065,19,test,421,,,227
20,fiqa,,58.79607191976296,dense,0.4268634769822418,0.3595167512058867,0.5145098633222148,19,test,421,,,227
20,fiqa,,117.03763551698407,rrf,0.406693247370207,0.3422975866597113,0.512279156578444,19,test,421,,,227
20,fiqa,,117.03763551698407,zscore_fusion,0.42055385891490404,0.349748502945261,0.5195481741800032,19,test,421,,,227
20,fiqa,,117.03763551698407,minmax_fusion,0.41528013422312704,0.349855412228692,0.5176892650764384,19,test,421,,,227
20,fiqa,0.9,117.03763551698407,validation_weighted_fusion,0.4656976963390265,0.38477884541801943,0.5145098633222148,19,test,421,0.4987308579819593,0.40281478401635107,227
20,fiqa,,58.2415635972211,bm25,0.27043226633487916,0.2148998425058339,0.340024886699471,31,test,421,,,227
20,fiqa,,58.79607191976296,dense,0.4317686536213852,0.35223492115804184,0.4931896883797121,31,test,421,,,227
20,fiqa,,117.03763551698407,rrf,0.40687233721675525,0.3366989750893837,0.49576141725785433,31,test,421,,,227
20,fiqa,,117.03763551698407,zscore_fusion,0.41385307091957924,0.34095570381966367,0.5038024063558505,31,test,421,,,227
20,fiqa,,117.03763551698407,minmax_fusion,0.41122799080043737,0.34173855728631386,0.5046722609667977,31,test,421,,,227
20,fiqa,0.9,117.03763551698407,validation_weighted_fusion,0.46032123063001923,0.37090680333748605,0.4931896883797121,31,test,421,0.5087021886581358,0.4285422276987499,227
20,fiqa,,58.2415635972211,bm25,0.2907033518078649,0.23172482410959883,0.3563363727853039,47,test,421,,,227
20,fiqa,,58.79607191976296,dense,0.438819138106549,0.3586785795998359,0.5094908917949298,47,test,421,,,227
20,fiqa,,117.03763551698407,rrf,0.4128991818421747,0.34350533299681096,0.5089765341546815,47,test,421,,,227
20,fiqa,,117.03763551698407,zscore_fusion,0.4308892282170192,0.35376466875761164,0.5147779575926844,47,test,421,,,227
20,fiqa,,117.03763551698407,minmax_fusion,0.42875051841797684,0.3560171872173182,0.5175282555923886,47,test,421,,,227
20,fiqa,0.9,117.03763551698407,validation_weighted_fusion,0.46758191004034233,0.3806288719773981,0.5094908917949298,47,test,421,0.4952363471085938,0.410511430793891,227
20,fiqa,,58.2415635972211,bm25,0.3001508125023564,0.23822624298426848,0.3615024721913083,73,test,421,,,227
20,fiqa,,58.79607191976296,dense,0.45201994495343667,0.37357556961753646,0.5293337897257138,73,test,421,,,227
20,fiqa,,117.03763551698407,rrf,0.43036609734947023,0.35861782231657635,0.5208792395253203,73,test,421,,,227
20,fiqa,,117.03763551698407,zscore_fusion,0.4425913358217396,0.36809678785586486,0.5290559598754373,73,test,421,,,227
20,fiqa,,117.03763551698407,minmax_fusion,0.4412802096293783,0.3688473537530174,0.5357679137964173,73,test,421,,,227
20,fiqa,0.9,117.03763551698407,validation_weighted_fusion,0.47774573012102706,0.39171142943208803,0.5293337897257138,73,test,421,0.47638626669463674,0.38995743657175685,227
20,fiqa,,58.2415635972211,bm25,0.29474229913659844,0.23788726609395353,0.35888304754100475,109,test,421,,,227
20,fiqa,,58.79607191976296,dense,0.432105154017268,0.3589987364280363,0.5146927234813221,109,test,421,,,227
20,fiqa,,117.03763551698407,rrf,0.4259633148588018,0.35654530157716624,0.52624722203107,109,test,421,,,227
20,fiqa,,117.03763551698407,zscore_fusion,0.4349404290615692,0.36235519606559813,0.5306658833380924,109,test,421,,,227
20,fiqa,,117.03763551698407,minmax_fusion,0.43163857783810283,0.36206407720315037,0.5260725550511773,109,test,421,,,227
20,fiqa,0.9,117.03763551698407,validation_weighted_fusion,0.4701513780492403,0.38653680818738295,0.5146927234813221,109,test,421,0.49047094608768615,0.39955442134717895,227
20,fiqa,,58.2415635972211,bm25,0.30429061569204086,0.2399265001411457,0.35825828961220885,149,test,421,,,227
20,fiqa,,58.79607191976296,dense,0.4395609471025148,0.3633873432638926,0.5178195122375645,149,test,421,,,227
20,fiqa,,117.03763551698407,rrf,0.42509991328281116,0.3508491077769978,0.5178103764802102,149,test,421,,,227
20,fiqa,,117.03763551698407,zscore_fusion,0.4338611770915809,0.356047011438638,0.5234958628070268,149,test,421,,,227
20,fiqa,,117.03763551698407,minmax_fusion,0.4313011348640802,0.3561224540434311,0.5240942549137324,149,test,421,,,227
20,fiqa,0.9,117.03763551698407,validation_weighted_fusion,0.4748086566376353,0.38416528179735526,0.5178195122375645,149,test,421,0.4818334382211034,0.4039527147841907,227
20,fiqa,,58.2415635972211,bm25,0.30735965011499455,0.2467547730337142,0.3711318504667673,181,test,421,,,227
20,fiqa,,58.79607191976296,dense,0.46078120876220635,0.38795488218505875,0.5427466766540401,181,test,421,,,227
20,fiqa,,117.03763551698407,rrf,0.4487331749802058,0.37344595986636664,0.5379125690883411,181,test,421,,,227
20,fiqa,,117.03763551698407,zscore_fusion,0.4551832371903631,0.3780945093878243,0.5446867331665431,181,test,421,,,227
20,fiqa,,117.03763551698407,minmax_fusion,0.45190495042038986,0.3809899951516794,0.5451635326932239,181,test,421,,,227
20,fiqa,0.9,117.03763551698407,validation_weighted_fusion,0.49555668664932323,0.41327569633654293,0.5427466766540401,181,test,421,0.44335361163555,0.3499637961894858,227
50,fiqa,,58.2415635972211,bm25,0.28848263771066623,0.2316312780422893,0.4509774403479867,19,test,421,,,227
50,fiqa,,58.79607191976296,dense,0.4268634769822418,0.3595167512058867,0.6226868407390973,19,test,421,,,227
50,fiqa,,117.03763551698407,rrf,0.41000263921879126,0.3455873067093536,0.624693503909656,19,test,421,,,227
50,fiqa,,117.03763551698407,zscore_fusion,0.42022866945669796,0.35146918237898644,0.6195470272667423,19,test,421,,,227
50,fiqa,,117.03763551698407,minmax_fusion,0.4227189609018588,0.3551361462503513,0.6247670250045547,19,test,421,,,227
50,fiqa,0.9,117.03763551698407,validation_weighted_fusion,0.4679891037967048,0.38991711257694905,0.6226868407390973,19,test,421,0.49131354450737713,0.4025663672977194,227
50,fiqa,,58.2415635972211,bm25,0.27043226633487916,0.2148998425058339,0.4372648135712269,31,test,421,,,227
50,fiqa,,58.79607191976296,dense,0.4317686536213852,0.35223492115804184,0.6043018541237068,31,test,421,,,227
50,fiqa,,117.03763551698407,rrf,0.4040370621724541,0.3356680320618076,0.5989582929606683,31,test,421,,,227
50,fiqa,,117.03763551698407,zscore_fusion,0.41000075406251174,0.3402263949666281,0.595791230411183,31,test,421,,,227
50,fiqa,,117.03763551698407,minmax_fusion,0.41337235606831807,0.34473189665928805,0.6092060024957888,31,test,421,,,227
50,fiqa,0.9,117.03763551698407,validation_weighted_fusion,0.46100459978132186,0.37770603761084737,0.6043018541237068,31,test,421,0.5042671841129991,0.425213338930886,227
50,fiqa,,58.2415635972211,bm25,0.2907033518078649,0.23172482410959883,0.4515110252639944,47,test,421,,,227
50,fiqa,,58.79607191976296,dense,0.438819138106549,0.3586785795998359,0.6200947508548458,47,test,421,,,227
50,fiqa,,117.03763551698407,rrf,0.41707103268860984,0.3463336159861448,0.6141951542782896,47,test,421,,,227
50,fiqa,,117.03763551698407,zscore_fusion,0.42926987897296687,0.3535321951085229,0.6120969753392556,47,test,421,,,227
50,fiqa,,117.03763551698407,minmax_fusion,0.43260472043132375,0.3575687388558173,0.6264053115003233,47,test,421,,,227
50,fiqa,0.9,117.03763551698407,validation_weighted_fusion,0.4668335029973985,0.3851191951701046,0.6200947508548458,47,test,421,0.49345675127613453,0.4114647075104133,227
50,fiqa,,58.2415635972211,bm25,0.3001508125023564,0.23822624298426848,0.4575679467009633,73,test,421,,,227
50,fiqa,,58.79607191976296,dense,0.45201994495343667,0.37357556961753646,0.637957549180827,73,test,421,,,227
50,fiqa,,117.03763551698407,rrf,0.4366785431512272,0.36008035260009086,0.6339637599138787,73,test,421,,,227
50,fiqa,,117.03763551698407,zscore_fusion,0.4452465784413528,0.36608725699192773,0.633844995068273,73,test,421,,,227
50,fiqa,,117.03763551698407,minmax_fusion,0.44933831014591114,0.3704230026318457,0.6485096257661579,73,test,421,,,227
50,fiqa,0.9,117.03763551698407,validation_weighted_fusion,0.4826791841043622,0.3985846513226869,0.637957549180827,73,test,421,0.4640689462275365,0.3864913284785315,227
50,fiqa,,58.2415635972211,bm25,0.29474229913659844,0.23788726609395353,0.4416506296553802,109,test,421,,,227
50,fiqa,,58.79607191976296,dense,0.432105154017268,0.3589987364280363,0.6298494920228888,109,test,421,,,227
50,fiqa,,117.03763551698407,rrf,0.4197272178863628,0.34946647207084497,0.6191681108545716,109,test,421,,,227
50,fiqa,,117.03763551698407,zscore_fusion,0.41891471552991744,0.35013039591078204,0.6190493460089659,109,test,421,,,227
50,fiqa,,117.03763551698407,minmax_fusion,0.42225521245711267,0.35308785657019015,0.6345453306260908,109,test,421,,,227
50,fiqa,0.9,117.03763551698407,validation_weighted_fusion,0.468116351845568,0.387780102784089,0.6298494920228888,109,test,421,0.4910775470246836,0.40652972026157,227
50,fiqa,,58.2415635972211,bm25,0.30429061569204086,0.2399265001411457,0.43385842186317247,149,test,421,,,227
50,fiqa,,58.79607191976296,dense,0.4395609471025148,0.3633873432638926,0.6251959837470527,149,test,421,,,227
50,fiqa,,117.03763551698407,rrf,0.41833880028654374,0.34776980869084845,0.6216358661133007,149,test,421,,,227
50,fiqa,,117.03763551698407,zscore_fusion,0.42823492817554576,0.3538822268464702,0.6212399832946152,149,test,421,,,227
50,fiqa,,117.03763551698407,minmax_fusion,0.4294122082720658,0.35560038515561027,0.6263977708752057,149,test,421,,,227
50,fiqa,0.9,117.03763551698407,validation_weighted_fusion,0.47024186555065417,0.385441484056399,0.6251959837470527,149,test,421,0.48713551499895114,0.4108669823071976,227
50,fiqa,,58.2415635972211,bm25,0.30735965011499455,0.2467547730337142,0.4635655714040512,181,test,421,,,227
50,fiqa,,58.79607191976296,dense,0.46078120876220635,0.38795488218505875,0.6461655196215766,181,test,421,,,227
50,fiqa,,117.03763551698407,rrf,0.45067017305734647,0.3739967476834558,0.6367415376916564,181,test,421,,,227
50,fiqa,,117.03763551698407,zscore_fusion,0.44850978396109037,0.37323352468676674,0.6388001283488219,181,test,421,,,227
50,fiqa,,117.03763551698407,minmax_fusion,0.44882271990348005,0.3763875916363363,0.6487311316289938,181,test,421,,,227
50,fiqa,0.9,117.03763551698407,validation_weighted_fusion,0.4984192964596765,0.41872038952170415,0.6461655196215766,181,test,421,0.43487693168309904,0.34914707393321764,227
100,fiqa,,58.2415635972211,bm25,0.28848263771066623,0.2316312780422893,0.49920547913422025,19,test,421,,,227
100,fiqa,,58.79607191976296,dense,0.4268634769822418,0.3595167512058867,0.7010460442170656,19,test,421,,,227
100,fiqa,,117.03763551698407,rrf,0.40506635750103687,0.33724580938368304,0.6990696028700779,19,test,421,,,227
100,fiqa,,117.03763551698407,zscore_fusion,0.4130207744221996,0.3413201446806576,0.7029718763685509,19,test,421,,,227
100,fiqa,,117.03763551698407,minmax_fusion,0.4156533951664593,0.3446791572131878,0.7110590517953939,19,test,421,,,227
100,fiqa,0.9,117.03763551698407,validation_weighted_fusion,0.464234815066169,0.3848798538020429,0.7010460442170656,19,test,421,0.49902104747919723,0.4126354002751017,227
100,fiqa,,58.2415635972211,bm25,0.27043226633487916,0.2148998425058339,0.5015204510453917,31,test,421,,,227
100,fiqa,,58.79607191976296,dense,0.4317686536213852,0.35223492115804184,0.6908105881977616,31,test,421,,,227
100,fiqa,,117.03763551698407,rrf,0.401357312521208,0.331052952561167,0.6769859396343957,31,test,421,,,227
100,fiqa,,117.03763551698407,zscore_fusion,0.4032811145043924,0.3316390185191346,0.6813180287645846,31,test,421,,,227
100,fiqa,,117.03763551698407,minmax_fusion,0.4089130188892659,0.33573887687637327,0.6962143886728209,31,test,421,,,227
100,fiqa,0.9,117.03763551698407,validation_weighted_fusion,0.4605549900086717,0.3796162275164316,0.6908105881977616,31,test,421,0.5058457450527936,0.4223974560735262,227
100,fiqa,,58.2415635972211,bm25,0.2907033518078649,0.23172482410959883,0.5036129745155874,47,test,421,,,227
100,fiqa,,58.79607191976296,dense,0.438819138106549,0.3586785795998359,0.703644732148295,47,test,421,,,227
100,fiqa,,117.03763551698407,rrf,0.41432247483316365,0.3426446249076231,0.6908691730544462,47,test,421,,,227
100,fiqa,,117.03763551698407,zscore_fusion,0.42136541869320965,0.3454767967127553,0.6950824973390294,47,test,421,,,227
100,fiqa,,117.03763551698407,minmax_fusion,0.4270802699543792,0.350747642189936,0.7067099962586898,47,test,421,,,227
100,fiqa,0.9,117.03763551698407,validation_weighted_fusion,0.46824265731629156,0.3860538007470536,0.703644732148295,47,test,421,0.4915880008391022,0.4104581682757646,227
100,fiqa,,58.2415635972211,bm25,0.3001508125023564,0.23822624298426848,0.5136599149069457,73,test,421,,,227
100,fiqa,,58.79607191976296,dense,0.45201994495343667,0.37357556961753646,0.7102474920170883,73,test,421,,,227
100,fiqa,,117.03763551698407,rrf,0.43564076461938694,0.35711817646725524,0.7042339884976464,73,test,421,,,227
100,fiqa,,117.03763551698407,zscore_fusion,0.4419739471402179,0.36067214712094425,0.7084303463757146,73,test,421,,,227
100,fiqa,,117.03763551698407,minmax_fusion,0.4447931983561437,0.36352873230882277,0.7160302089043182,73,test,421,,,227
100,fiqa,0.9,117.03763551698407,validation_weighted_fusion,0.4811880254873129,0.3950088733188751,0.7102474920170883,73,test,421,0.4675791902664149,0.3938498618760429,227
100,fiqa,,58.2415635972211,bm25,0.29474229913659844,0.23788726609395353,0.508918746864115,109,test,421,,,227
100,fiqa,,58.79607191976296,dense,0.432105154017268,0.3589987364280363,0.7077468322123904,109,test,421,,,227
100,fiqa,,117.03763551698407,rrf,0.41803057723485276,0.3457715659936848,0.6954604711730602,109,test,421,,,227
100,fiqa,,117.03763551698407,zscore_fusion,0.4155421709459714,0.3449040697162214,0.6995154423301692,109,test,421,,,227
100,fiqa,,117.03763551698407,minmax_fusion,0.41976303585567243,0.3484501992477502,0.7083972111288025,109,test,421,,,227
100,fiqa,0.9,117.03763551698407,validation_weighted_fusion,0.4704954190702409,0.3893619751391013,0.7077468322123904,109,test,421,0.48740997133067615,0.4043227435222312,227
100,fiqa,,58.2415635972211,bm25,0.30429061569204086,0.2399265001411457,0.49335395404279014,149,test,421,,,227
100,fiqa,,58.79607191976296,dense,0.4395609471025148,0.3633873432638926,0.6973304011902586,149,test,421,,,227
100,fiqa,,117.03763551698407,rrf,0.41521698148776537,0.34212898450732265,0.6848329026476295,149,test,421,,,227
100,fiqa,,117.03763551698407,zscore_fusion,0.4247096859329638,0.34732915533139597,0.688141351918074,149,test,421,,,227
100,fiqa,,117.03763551698407,minmax_fusion,0.4271405949553218,0.35046398964389824,0.7029717313565294,149,test,421,,,227
100,fiqa,0.9,117.03763551698407,validation_weighted_fusion,0.4688657014666516,0.3836605041545634,0.6973304011902586,149,test,421,0.4904324872386546,0.41489683728650645,227
100,fiqa,,58.2415635972211,bm25,0.30735965011499455,0.2467547730337142,0.5164376926847235,181,test,421,,,227
100,fiqa,,58.79607191976296,dense,0.46078120876220635,0.38795488218505875,0.7158916499177782,181,test,421,,,227
100,fiqa,,117.03763551698407,rrf,0.448375937865249,0.3683734295765161,0.7023544876870292,181,test,421,,,227
100,fiqa,,117.03763551698407,zscore_fusion,0.44200882253138785,0.36519076381147947,0.7049277260084861,181,test,421,,,227
100,fiqa,,117.03763551698407,minmax_fusion,0.44382611318478304,0.36876750946159453,0.7204273359261483,181,test,421,,,227
100,fiqa,0.9,117.03763551698407,validation_weighted_fusion,0.4978207593409493,0.4189413331446484,0.7158916499177782,181,test,421,0.43673169708411996,0.34946411039300085,227
200,fiqa,,58.2415635972211,bm25,0.28848263771066623,0.2316312780422893,0.49920547913422025,19,test,421,,,227
200,fiqa,,58.79607191976296,dense,0.4268634769822418,0.3595167512058867,0.7010460442170656,19,test,421,,,227
200,fiqa,,117.03763551698407,rrf,0.40652735361761494,0.3403003037406071,0.692577124643633,19,test,421,,,227
200,fiqa,,117.03763551698407,zscore_fusion,0.4137663537307243,0.34426162787691095,0.6883411784836964,19,test,421,,,227
200,fiqa,,117.03763551698407,minmax_fusion,0.41880631904384874,0.3493087136501892,0.6978093758972619,19,test,421,,,227
200,fiqa,0.9,117.03763551698407,validation_weighted_fusion,0.4680381178599706,0.3927457229935304,0.7159634308684191,19,test,421,0.5061936228235788,0.4130241602817681,227
200,fiqa,,58.2415635972211,bm25,0.27043226633487916,0.2148998425058339,0.5015204510453917,31,test,421,,,227
200,fiqa,,58.79607191976296,dense,0.4317686536213852,0.35223492115804184,0.6908105881977616,31,test,421,,,227
200,fiqa,,117.03763551698407,rrf,0.40193511292086115,0.33218838583095417,0.6760131989941967,31,test,421,,,227
200,fiqa,,117.03763551698407,zscore_fusion,0.4038155563096181,0.33507695635172324,0.6759538165713939,31,test,421,,,227
200,fiqa,,117.03763551698407,minmax_fusion,0.41177185838706026,0.34053942377794283,0.6887446019274998,31,test,421,,,227
200,fiqa,0.9,117.03763551698407,validation_weighted_fusion,0.464861629529088,0.38426550729994374,0.7057336303179533,31,test,421,0.5120848192434095,0.42875178498220856,227
200,fiqa,,58.2415635972211,bm25,0.2907033518078649,0.23172482410959883,0.5036129745155874,47,test,421,,,227
200,fiqa,,58.79607191976296,dense,0.438819138106549,0.3586785795998359,0.703644732148295,47,test,421,,,227
200,fiqa,,117.03763551698407,rrf,0.4159823549372243,0.34656453279430854,0.6911632574340413,47,test,421,,,227
200,fiqa,,117.03763551698407,zscore_fusion,0.4226963390265053,0.34992035982537406,0.6875607237840018,47,test,421,,,227
200,fiqa,,117.03763551698407,minmax_fusion,0.4319232364363006,0.35638526949518456,0.7040068271659721,47,test,421,,,227
200,fiqa,0.9,117.03763551698407,validation_weighted_fusion,0.47292067262376053,0.3920411033672876,0.7154110800785385,47,test,421,0.49713831200615344,0.41433096584409496,227
200,fiqa,,58.2415635972211,bm25,0.3001508125023564,0.23822624298426848,0.5136599149069457,73,test,421,,,227
200,fiqa,,58.79607191976296,dense,0.45201994495343667,0.37357556961753646,0.7102474920170883,73,test,421,,,227
200,fiqa,,117.03763551698407,rrf,0.43576612751197075,0.35759962879027146,0.7067252225209469,73,test,421,,,227
200,fiqa,,117.03763551698407,zscore_fusion,0.43983617991931534,0.36297305357745263,0.7022715408107332,73,test,421,,,227
200,fiqa,,117.03763551698407,minmax_fusion,0.4472410737850168,0.3681694564280408,0.7139500839619605,73,test,421,,,227
200,fiqa,0.9,117.03763551698407,validation_weighted_fusion,0.4860611544697055,0.4012340245582065,0.7241016505268287,73,test,421,0.4727676386266695,0.39728153931820576,227
200,fiqa,,58.2415635972211,bm25,0.29474229913659844,0.23788726609395353,0.508918746864115,109,test,421,,,227
200,fiqa,,58.79607191976296,dense,0.432105154017268,0.3589987364280363,0.7077468322123904,109,test,421,,,227
200,fiqa,,117.03763551698407,rrf,0.4171935678467745,0.3457113603906853,0.6981496466057037,109,test,421,,,227
200,fiqa,,117.03763551698407,zscore_fusion,0.4154158654752479,0.34610583051710214,0.6942502008416497,109,test,421,,,227
200,fiqa,,117.03763551698407,minmax_fusion,0.42186781284168456,0.35078018240018577,0.7021480630744289,109,test,421,,,227
200,fiqa,0.9,117.03763551698407,validation_weighted_fusion,0.47230988198921686,0.3928325594132827,0.7214530059541936,109,test,421,0.4982710999230823,0.4128631112389675,227
200,fiqa,,58.2415635972211,bm25,0.30429061569204086,0.2399265001411457,0.49335395404279014,149,test,421,,,227
200,fiqa,,58.79607191976296,dense,0.4395609471025148,0.3633873432638926,0.6973304011902586,149,test,421,,,227
200,fiqa,,117.03763551698407,rrf,0.4168759190136862,0.34387444379636956,0.6870894347141379,149,test,421,,,227
200,fiqa,,117.03763551698407,zscore_fusion,0.42401594842212414,0.34886731389331416,0.6831108123863469,149,test,421,,,227
200,fiqa,,117.03763551698407,minmax_fusion,0.4304019153187799,0.35275146776049,0.6918202343974316,149,test,421,,,227
200,fiqa,0.9,117.03763551698407,validation_weighted_fusion,0.4772584172227878,0.39239388803248737,0.7095557846745495,149,test,421,0.4890934200405566,0.41367668239013433,227
200,fiqa,,58.2415635972211,bm25,0.30735965011499455,0.2467547730337142,0.5164376926847235,181,test,421,,,227
200,fiqa,,58.79607191976296,dense,0.46078120876220635,0.38795488218505875,0.7158916499177782,181,test,421,,,227
200,fiqa,,117.03763551698407,rrf,0.44889718357651853,0.3703727937482398,0.7094973448298865,181,test,421,,,227
200,fiqa,,117.03763551698407,zscore_fusion,0.43897654865588354,0.3667058494644106,0.7039945736501556,181,test,421,,,227
200,fiqa,,117.03763551698407,minmax_fusion,0.44436903819326623,0.37113402956451913,0.7166496277541409,181,test,421,,,227
200,fiqa,0.9,117.03763551698407,validation_weighted_fusion,0.502288579723259,0.4235576239700039,0.7273780521405224,181,test,421,0.4426718411299909,0.3558796214663702,227
20,arguana,,194.65647224268477,bm25,0.2244167407175091,0.3426054923786671,0.8331503841931943,19,test,911,,,490
20,arguana,,5.835418617415995,dense,0.24239280051574236,0.36743392679644293,0.9012074643249177,19,test,911,,,490
20,arguana,,200.49189086010077,rrf,0.253209015036677,0.38126467582118895,0.9198682766190999,19,test,911,,,490
20,arguana,,200.49189086010077,zscore_fusion,0.2546608471416375,0.38267673391665324,0.9012074643249177,19,test,911,,,490
20,arguana,,200.49189086010077,minmax_fusion,0.2567669402191905,0.38493155882903923,0.9012074643249177,19,test,911,,,490
20,arguana,0.7,200.49189086010077,validation_weighted_fusion,0.25622331991706304,0.38426153745544084,0.9012074643249177,19,test,911,0.2665184645286686,0.3989867191511385,490
20,arguana,,194.65647224268477,bm25,0.23172643005244542,0.35311472164691704,0.8463227222832053,31,test,911,,,490
20,arguana,,5.835418617415995,dense,0.24968375934347392,0.37455470998014745,0.9077936333699231,31,test,911,,,490
20,arguana,,200.49189086010077,rrf,0.2619892669837785,0.39136324140252343,0.9253567508232712,31,test,911,,,490
20,arguana,,200.49189086010077,zscore_fusion,0.2614404195633614,0.39097961259901104,0.9077936333699231,31,test,911,,,490
20,arguana,,200.49189086010077,minmax_fusion,0.26354346348857877,0.3920572659916082,0.9077936333699231,31,test,911,,,490
20,arguana,0.6,200.49189086010077,validation_weighted_fusion,0.26351994145627516,0.39201955528323296,0.9077936333699231,31,test,911,0.25578231292517006,0.3859183361201429,490
20,arguana,,194.65647224268477,bm25,0.22365227466764237,0.3419058347305675,0.8430296377607025,47,test,911,,,490
20,arguana,,5.835418617415995,dense,0.24386684787343405,0.3697386221488832,0.9132821075740944,47,test,911,,,490
20,arguana,,200.49189086010077,rrf,0.2546203369748924,0.3842698136247387,0.9242590559824369,47,test,911,,,490
20,arguana,,200.49189086010077,zscore_fusion,0.2577452825257436,0.3877671781907677,0.9132821075740944,47,test,911,,,490
20,arguana,,200.49189086010077,minmax_fusion,0.2591178366699772,0.38921060424869947,0.9132821075740944,47,test,911,,,490
20,arguana,0.7,200.49189086010077,validation_weighted_fusion,0.2577121774432422,0.3889594595029339,0.9132821075740944,47,test,911,0.2637504049238743,0.39025241918120745,490
20,arguana,,194.65647224268477,bm25,0.22823123028940812,0.34889473454270087,0.8485181119648738,73,test,911,,,490
20,arguana,,5.835418617415995,dense,0.2493392051295454,0.3749441756876676,0.9088913282107574,73,test,911,,,490
20,arguana,,200.49189086010077,rrf,0.2613023365218755,0.3907468621540821,0.9220636663007684,73,test,911,,,490
20,arguana,,200.49189086010077,zscore_fusion,0.2621469517188507,0.3919419190258642,0.9088913282107574,73,test,911,,,490
20,arguana,,200.49189086010077,minmax_fusion,0.2632585855417908,0.3925018900573031,0.9088913282107574,73,test,911,,,490
20,arguana,0.6,200.49189086010077,validation_weighted_fusion,0.2639455160036938,0.39303246150335786,0.9088913282107574,73,test,911,0.25499109167476514,0.3840351574129312,490
20,arguana,,194.65647224268477,bm25,0.22594305925809768,0.34357759977468105,0.8397365532381997,109,test,911,,,490
20,arguana,,5.835418617415995,dense,0.2382398550345861,0.3620866042071543,0.9023051591657519,109,test,911,,,490
20,arguana,,200.49189086010077,rrf,0.25270459812172213,0.38020147640857266,0.9165751920965971,109,test,911,,,490
20,arguana,,200.49189086010077,zscore_fusion,0.2571467774815744,0.3861968930321406,0.9023051591657519,109,test,911,,,490
20,arguana,,200.49189086010077,minmax_fusion,0.25763769100761413,0.3866963570948609,0.9023051591657519,109,test,911,,,490
20,arguana,0.9,200.49189086010077,validation_weighted_fusion,0.24983578136706566,0.37783931553830735,0.9023051591657519,109,test,911,0.26733398121153223,0.3988632130233815,490
20,arguana,,194.65647224268477,bm25,0.23379201296325336,0.3526498317527029,0.849615806805708,149,test,911,,,490
20,arguana,,5.835418617415995,dense,0.24953435087902706,0.37431903204751976,0.9099890230515917,149,test,911,,,490
20,arguana,,200.49189086010077,rrf,0.2628861533636506,0.39129115924534275,0.9264544456641054,149,test,911,,,490
20,arguana,,200.49189086010077,zscore_fusion,0.26344937535936436,0.39328792263831336,0.9099890230515917,149,test,911,,,490
20,arguana,,200.49189086010077,minmax_fusion,0.26451091596536164,0.39352920501767363,0.9099890230515917,149,test,911,,,490
20,arguana,0.7,200.49189086010077,validation_weighted_fusion,0.263897600752705,0.39320509949995797,0.9099890230515917,149,test,911,0.252250566893424,0.3823589946153116,490
20,arguana,,194.65647224268477,bm25,0.22790279302353944,0.34865172879735673,0.8474204171240395,181,test,911,,,490
20,arguana,,5.835418617415995,dense,0.24183349885874583,0.36841188116981805,0.9088913282107574,181,test,911,,,490
20,arguana,,200.49189086010077,rrf,0.25744298085132333,0.3887058960328198,0.9330406147091108,181,test,911,,,490
20,arguana,,200.49189086010077,zscore_fusion,0.25858728416357396,0.38821626403270876,0.9088913282107574,181,test,911,,,490
20,arguana,,200.49189086010077,minmax_fusion,0.25911522311083235,0.3885395453829592,0.9088913282107574,181,test,911,,,490
20,arguana,0.9,200.49189086010077,validation_weighted_fusion,0.25249377101737147,0.3813128097904729,0.9088913282107574,181,test,911,0.2623922902494331,0.3924053492198656,490
50,arguana,,194.65647224268477,bm25,0.2244167407175091,0.3426054923786671,0.9297475301866082,19,test,911,,,490
50,arguana,,5.835418617415995,dense,0.24239280051574236,0.36743392679644293,0.9659714599341384,19,test,911,,,490
50,arguana,,200.49189086010077,rrf,0.25289451675291413,0.3802999205766684,0.9769484083424808,19,test,911,,,490
50,arguana,,200.49189086010077,zscore_fusion,0.25419258446151966,0.38216091665031243,0.9670691547749726,19,test,911,,,490
50,arguana,,200.49189086010077,minmax_fusion,0.26021073998571254,0.38974464357367394,0.9659714599341384,19,test,911,,,490
50,arguana,0.7,200.49189086010077,validation_weighted_fusion,0.2601244925339327,0.3897126902722977,0.9659714599341384,19,test,911,0.2704429867184969,0.4019563244713945,490
50,arguana,,194.65647224268477,bm25,0.23172643005244542,0.35311472164691704,0.9308452250274424,31,test,911,,,490
50,arguana,,5.835418617415995,dense,0.24968375934347392,0.37455470998014745,0.9659714599341384,31,test,911,,,490
50,arguana,,200.49189086010077,rrf,0.2621804923945429,0.3911104782091233,0.973655323819978,31,test,911,,,490
50,arguana,,200.49189086010077,zscore_fusion,0.26238696356698554,0.39192424679105353,0.9681668496158068,31,test,911,,,490
50,arguana,,200.49189086010077,minmax_fusion,0.2680078581011621,0.3977556183187827,0.9659714599341384,31,test,911,,,490
50,arguana,0.7,200.49189086010077,validation_weighted_fusion,0.2681481191086021,0.3972282762873677,0.9659714599341384,31,test,911,0.2555255911888565,0.3879834696556216,490
50,arguana,,194.65647224268477,bm25,0.22365227466764237,0.3419058347305675,0.9308452250274424,47,test,911,,,490
50,arguana,,5.835418617415995,dense,0.24386684787343405,0.3697386221488832,0.969264544456641,47,test,911,,,490
50,arguana,,200.49189086010077,rrf,0.2552092589688638,0.38545820708083617,0.9769484083424808,47,test,911,,,490
50,arguana,,200.49189086010077,zscore_fusion,0.2582653807955674,0.3878404841577495,0.9703622392974753,47,test,911,,,490
50,arguana,,200.49189086010077,minmax_fusion,0.26234209746833237,0.39315173124357317,0.969264544456641,47,test,911,,,490
50,arguana,0.7,200.49189086010077,validation_weighted_fusion,0.26184116529890406,0.39300084263572527,0.969264544456641,47,test,911,0.26725137674117266,0.3958430452814303,490
50,arguana,,194.65647224268477,bm25,0.22823123028940812,0.34889473454270087,0.9341383095499451,73,test,911,,,490
50,arguana,,5.835418617415995,dense,0.2493392051295454,0.3749441756876676,0.9670691547749726,73,test,911,,,490
50,arguana,,200.49189086010077,rrf,0.2611808060216403,0.3895476757431933,0.9758507135016465,73,test,911,,,490
50,arguana,,200.49189086010077,zscore_fusion,0.2625302737267611,0.39147770734844506,0.9681668496158068,73,test,911,,,490
50,arguana,,200.49189086010077,minmax_fusion,0.2665673514191626,0.3956280743716503,0.9670691547749726,73,test,911,,,490
50,arguana,0.7,200.49189086010077,validation_weighted_fusion,0.26678122767584894,0.39629175871889,0.9670691547749726,73,test,911,0.25806689342403627,0.3897246278288525,490
50,arguana,,194.65647224268477,bm25,0.22594305925809768,0.34357759977468105,0.9253567508232712,109,test,911,,,490
50,arguana,,5.835418617415995,dense,0.2382398550345861,0.3620866042071543,0.9670691547749726,109,test,911,,,490
50,arguana,,200.49189086010077,rrf,0.2529297998013695,0.3797710705169027,0.973655323819978,109,test,911,,,490
50,arguana,,200.49189086010077,zscore_fusion,0.25736457407697805,0.3861047359732213,0.9670691547749726,109,test,911,,,490
50,arguana,,200.49189086010077,minmax_fusion,0.2603187670970327,0.3890481277713108,0.9670691547749726,109,test,911,,,490
50,arguana,0.8,200.49189086010077,validation_weighted_fusion,0.25526588608366874,0.38327283615099306,0.9670691547749726,109,test,911,0.271031746031746,0.4045100368725829,490
50,arguana,,194.65647224268477,bm25,0.23379201296325336,0.3526498317527029,0.9363336992316136,149,test,911,,,490
50,arguana,,5.835418617415995,dense,0.24953435087902706,0.37431903204751976,0.9758507135016465,149,test,911,,,490
50,arguana,,200.49189086010077,rrf,0.2630569058944471,0.39145275969616233,0.9846322722283205,149,test,911,,,490
50,arguana,,200.49189086010077,zscore_fusion,0.2646716498527695,0.3946867787220813,0.9791437980241493,149,test,911,,,490
50,arguana,,200.49189086010077,minmax_fusion,0.2682648580837384,0.399298069315296,0.9758507135016465,149,test,911,,,490
50,arguana,0.7,200.49189086010077,validation_weighted_fusion,0.2674407157667311,0.39816348936116414,0.9758507135016465,149,test,911,0.25684078393262066,0.38624473677760396,490
50,arguana,,194.65647224268477,bm25,0.22790279302353944,0.34865172879735673,0.9341383095499451,181,test,911,,,490
50,arguana,,5.835418617415995,dense,0.24183349885874583,0.36841188116981805,0.969264544456641,181,test,911,,,490
50,arguana,,200.49189086010077,rrf,0.2571768334117401,0.3877952477000506,0.9791437980241493,181,test,911,,,490
50,arguana,,200.49189086010077,zscore_fusion,0.2591653163277752,0.3888392967755157,0.9714599341383096,181,test,911,,,490
50,arguana,,200.49189086010077,minmax_fusion,0.26183811614656843,0.39162161859121253,0.969264544456641,181,test,911,,,490
50,arguana,0.7,200.49189086010077,validation_weighted_fusion,0.26184682801038456,0.39188020515100197,0.969264544456641,181,test,911,0.2672408487204405,0.3979265161969055,490
100,arguana,,194.65647224268477,bm25,0.2244167407175091,0.3426054923786671,0.9495060373216246,19,test,911,,,490
100,arguana,,5.835418617415995,dense,0.24239280051574236,0.36743392679644293,0.9824368825466521,19,test,911,,,490
100,arguana,,200.49189086010077,rrf,0.2534512048507658,0.3816858468995097,0.986827661909989,19,test,911,,,490
100,arguana,,200.49189086010077,zscore_fusion,0.25393776244489746,0.38314824361020805,0.9857299670691547,19,test,911,,,490
100,arguana,,200.49189086010077,minmax_fusion,0.26134850940010107,0.3916360278534526,0.9824368825466521,19,test,911,,,490
100,arguana,0.7,200.49189086010077,validation_weighted_fusion,0.26203456867562247,0.3926402376532101,0.9824368825466521,19,test,911,0.27199546485260767,0.4049621796389905,490
100,arguana,,194.65647224268477,bm25,0.23172643005244542,0.35311472164691704,0.9495060373216246,31,test,911,,,490
100,arguana,,5.835418617415995,dense,0.24968375934347392,0.37455470998014745,0.9846322722283205,31,test,911,,,490
100,arguana,,200.49189086010077,rrf,0.26273718049239453,0.3924964045319646,0.986827661909989,31,test,911,,,490
100,arguana,,200.49189086010077,zscore_fusion,0.26197402122210023,0.39217001775435106,0.9857299670691547,31,test,911,,,490
100,arguana,,200.49189086010077,minmax_fusion,0.2693703936020072,0.3998560174618232,0.9846322722283205,31,test,911,,,490
100,arguana,0.7,200.49189086010077,validation_weighted_fusion,0.2690153851514993,0.39887126511439297,0.9846322722283205,31,test,911,0.25901684483317133,0.39337755511421996,490
100,arguana,,194.65647224268477,bm25,0.22365227466764237,0.3419058347305675,0.9506037321624589,47,test,911,,,490
100,arguana,,5.835418617415995,dense,0.24386684787343405,0.3697386221488832,0.9813391877058177,47,test,911,,,490
100,arguana,,200.49189086010077,rrf,0.25573066401826006,0.38681436455248835,0.9879253567508233,47,test,911,,,490
100,arguana,,200.49189086010077,zscore_fusion,0.2567373198822156,0.38735183114691873,0.9824368825466521,47,test,911,,,490
100,arguana,,200.49189086010077,minmax_fusion,0.2636623804296691,0.39498052097885755,0.9813391877058177,47,test,911,,,490
100,arguana,0.7,200.49189086010077,validation_weighted_fusion,0.2635055668809785,0.3952760345659939,0.9813391877058177,47,test,911,0.26926060900550697,0.40006174905216185,490
100,arguana,,194.65647224268477,bm25,0.22823123028940812,0.34889473454270087,0.9549945115257958,73,test,911,,,490
100,arguana,,5.835418617415995,dense,0.2493392051295454,0.3749441756876676,0.9813391877058177,73,test,911,,,490
100,arguana,,200.49189086010077,rrf,0.2618912585158469,0.3915067529628062,0.9857299670691547,73,test,911,,,490
100,arguana,,200.49189086010077,zscore_fusion,0.2609747704423884,0.3907834476644574,0.9846322722283205,73,test,911,,,490
100,arguana,,200.49189086010077,minmax_fusion,0.26832496994406985,0.39831078909601797,0.9813391877058177,73,test,911,,,490
100,arguana,0.7,200.49189086010077,validation_weighted_fusion,0.2683297614691687,0.3991761391079474,0.9813391877058177,73,test,911,0.26029154518950437,0.39281073836293806,490
100,arguana,,194.65647224268477,bm25,0.22594305925809768,0.34357759977468105,0.9495060373216246,109,test,911,,,490
100,arguana,,5.835418617415995,dense,0.2382398550345861,0.3620866042071543,0.9824368825466521,109,test,911,,,490
100,arguana,,200.49189086010077,rrf,0.2534512048507658,0.3811272279885548,0.986827661909989,109,test,911,,,490
100,arguana,,200.49189086010077,zscore_fusion,0.2567259944592546,0.3863910276375835,0.9835345773874863,109,test,911,,,490
100,arguana,,200.49189086010077,minmax_fusion,0.2620933737563815,0.3919520188688258,0.9824368825466521,109,test,911,,,490
100,arguana,0.7,200.49189086010077,validation_weighted_fusion,0.26252809576080705,0.392469202719314,0.9824368825466521,109,test,911,0.2710779073534176,0.40528016499568303,490
100,arguana,,194.65647224268477,bm25,0.23379201296325336,0.3526498317527029,0.9615806805708014,149,test,911,,,490
100,arguana,,5.835418617415995,dense,0.24953435087902706,0.37431903204751976,0.9857299670691547,149,test,911,,,490
100,arguana,,200.49189086010077,rrf,0.2637203143240465,0.39315327999764493,0.991218441273326,149,test,911,,,490
100,arguana,,200.49189086010077,zscore_fusion,0.26363972958374715,0.39418380789493784,0.9879253567508233,149,test,911,,,490
100,arguana,,200.49189086010077,minmax_fusion,0.26998109525551894,0.40215683467364693,0.9857299670691547,149,test,911,,,490
100,arguana,0.7,200.49189086010077,validation_weighted_fusion,0.27019192235986966,0.4023011590180246,0.9857299670691547,149,test,911,0.25682944606413993,0.3870007523668557,490
100,arguana,,194.65647224268477,bm25,0.22790279302353944,0.34865172879735673,0.9626783754116356,181,test,911,,,490
100,arguana,,5.835418617415995,dense,0.24183349885874583,0.36841188116981805,0.9824368825466521,181,test,911,,,490
100,arguana,,200.49189086010077,rrf,0.2578554876030178,0.38951161309606863,0.9879253567508233,181,test,911,,,490
100,arguana,,200.49189086010077,zscore_fusion,0.2584992943390309,0.3893826057267312,0.9857299670691547,181,test,911,,,490
100,arguana,,200.49189086010077,minmax_fusion,0.26419816005436203,0.39571882033936706,0.9824368825466521,181,test,911,,,490
100,arguana,0.7,200.49189086010077,validation_weighted_fusion,0.2640208736257035,0.3955482625946997,0.9824368825466521,181,test,911,0.2683025591188857,0.39955562714573123,490
200,arguana,,194.65647224268477,bm25,0.2244167407175091,0.3426054923786671,0.9495060373216246,19,test,911,,,490
200,arguana,,5.835418617415995,dense,0.24239280051574236,0.36743392679644293,0.9824368825466521,19,test,911,,,490
200,arguana,,200.49189086010077,rrf,0.2534512048507658,0.3816858468995097,0.986827661909989,19,test,911,,,490
200,arguana,,200.49189086010077,zscore_fusion,0.2537661387277194,0.38342047856185496,0.9879253567508233,19,test,911,,,490
200,arguana,,200.49189086010077,minmax_fusion,0.26137246702559547,0.3918869284869879,0.9890230515916575,19,test,911,,,490
200,arguana,0.6,200.49189086010077,validation_weighted_fusion,0.2573824333978011,0.3873765076423139,0.9890230515916575,19,test,911,0.27077502429543243,0.4048154327394491,490
200,arguana,,194.65647224268477,bm25,0.23172643005244542,0.35311472164691704,0.9495060373216246,31,test,911,,,490
200,arguana,,5.835418617415995,dense,0.24968375934347392,0.37455470998014745,0.9846322722283205,31,test,911,,,490
200,arguana,,200.49189086010077,rrf,0.26273718049239453,0.3924964045319646,0.9857299670691547,31,test,911,,,490
200,arguana,,200.49189086010077,zscore_fusion,0.2618363737738052,0.3922642449542101,0.9879253567508233,31,test,911,,,490
200,arguana,,200.49189086010077,minmax_fusion,0.2696661613785653,0.4003211463088925,0.986827661909989,31,test,911,,,490
200,arguana,0.7,200.49189086010077,validation_weighted_fusion,0.26878147160803584,0.3986886456330423,0.986827661909989,31,test,911,0.2576433430515063,0.390120301389467,490
200,arguana,,194.65647224268477,bm25,0.22365227466764237,0.3419058347305675,0.9506037321624589,47,test,911,,,490
200,arguana,,5.835418617415995,dense,0.24386684787343405,0.3697386221488832,0.9813391877058177,47,test,911,,,490
200,arguana,,200.49189086010077,rrf,0.25573066401826006,0.38681436455248835,0.9879253567508233,47,test,911,,,490
200,arguana,,200.49189086010077,zscore_fusion,0.2562163504260101,0.3871081793431978,0.9890230515916575,47,test,911,,,490
200,arguana,,200.49189086010077,minmax_fusion,0.26337401773735475,0.39497624717562,0.9890230515916575,47,test,911,,,490
200,arguana,0.7,200.49189086010077,validation_weighted_fusion,0.2630242364051365,0.3939360835821971,0.9890230515916575,47,test,911,0.2683471007450599,0.3989561871615485,490
200,arguana,,194.65647224268477,bm25,0.22823123028940812,0.34889473454270087,0.9549945115257958,73,test,911,,,490
200,arguana,,5.835418617415995,dense,0.2493392051295454,0.3749441756876676,0.9813391877058177,73,test,911,,,490
200,arguana,,200.49189086010077,rrf,0.2618912585158469,0.3915067529628062,0.9846322722283205,73,test,911,,,490
200,arguana,,200.49189086010077,zscore_fusion,0.2603823637028906,0.3902509845955104,0.986827661909989,73,test,911,,,490
200,arguana,,200.49189086010077,minmax_fusion,0.26778047845556074,0.39784950728156315,0.986827661909989,73,test,911,,,490
200,arguana,0.7,200.49189086010077,validation_weighted_fusion,0.26728520899761293,0.3973893202869106,0.986827661909989,73,test,911,0.26042517006802723,0.39253598585951993,490
200,arguana,,194.65647224268477,bm25,0.22594305925809768,0.34357759977468105,0.9495060373216246,109,test,911,,,490
200,arguana,,5.835418617415995,dense,0.2382398550345861,0.3620866042071543,0.9824368825466521,109,test,911,,,490
200,arguana,,200.49189086010077,rrf,0.2534512048507658,0.3811272279885548,0.9857299670691547,109,test,911,,,490
200,arguana,,200.49189086010077,zscore_fusion,0.2567246876796822,0.38657844499737654,0.9879253567508233,109,test,911,,,490
200,arguana,,200.49189086010077,minmax_fusion,0.262089889010855,0.3923937572027237,0.9879253567508233,109,test,911,,,490
200,arguana,0.8,200.49189086010077,validation_weighted_fusion,0.257543167285209,0.3861355140515643,0.9879253567508233,109,test,911,0.27124797538062845,0.4055850005942329,490
200,arguana,,194.65647224268477,bm25,0.23379201296325336,0.3526498317527029,0.9615806805708014,149,test,911,,,490
200,arguana,,5.835418617415995,dense,0.24953435087902706,0.37431903204751976,0.9857299670691547,149,test,911,,,490
200,arguana,,200.49189086010077,rrf,0.2637203143240465,0.39315327999764493,0.991218441273326,149,test,911,,,490
200,arguana,,200.49189086010077,zscore_fusion,0.26335354485738677,0.39436243364989415,0.9934138309549945,149,test,911,,,490
200,arguana,,200.49189086010077,minmax_fusion,0.2700416427090412,0.4031240898885227,0.9923161361141603,149,test,911,,,490
200,arguana,0.7,200.49189086010077,validation_weighted_fusion,0.2696644190058021,0.40162465918213963,0.9923161361141603,149,test,911,0.25600178166504695,0.3846617129339003,490
200,arguana,,194.65647224268477,bm25,0.22790279302353944,0.34865172879735673,0.9626783754116356,181,test,911,,,490
200,arguana,,5.835418617415995,dense,0.24183349885874583,0.36841188116981805,0.9824368825466521,181,test,911,,,490
200,arguana,,200.49189086010077,rrf,0.2578554876030178,0.38951161309606863,0.986827661909989,181,test,911,,,490
200,arguana,,200.49189086010077,zscore_fusion,0.25782978760476016,0.3890294696583624,0.9890230515916575,181,test,911,,,490
200,arguana,,200.49189086010077,minmax_fusion,0.2642404125938703,0.39598418653899725,0.9890230515916575,181,test,911,,,490
200,arguana,0.7,200.49189086010077,validation_weighted_fusion,0.26375603296569267,0.394845845612161,0.9890230515916575,181,test,911,0.26698655652737285,0.39726477244869723,490
