method,method_label,baseline,metric,paired_unit,n_units,mean_delta,median_delta,ci95_low,ci95_high,wilcoxon_statistic,p_value_raw,cohen_dz,p_value_holm
rrf,RRF,bm25,ndcg@10,dataset-budget-seed,112,0.05298670556534553,0.03806573210648598,0.04647187781999544,0.059786539996070386,0.0,4.095068960798344e-20,1.441296406273846,6.55211033727735e-19
rrf,RRF,dense,ndcg@10,dataset-budget-seed,112,0.01888959867013772,0.021099731926250587,0.014508385060935314,0.023210374321613065,699.0,8.292234691341952e-13,0.7976296124208366,1.6584469382683903e-12
rrf,RRF,average_single,ndcg@10,dataset-budget-seed,112,0.03593815211774164,0.031145898540263756,0.03425817564464106,0.037646595093603435,0.0,4.095068960798344e-20,3.887515997584396,6.55211033727735e-19
rrf,RRF,best_single,ndcg@10,dataset-budget-seed,112,0.012358388552338992,0.0187011923921285,0.009114822822960117,0.015354220865602388,799.0,6.6063092947549785e-12,0.7332036939691133,6.6063092947549785e-12
rrf,RRF,bm25,mrr@10,dataset-budget-seed,112,0.050706831328332216,0.029733245841329567,0.042777334350956375,0.05904658700824276,0.0,4.095068960798344e-20,1.1118393078348048,6.55211033727735e-19
rrf,RRF,dense,mrr@10,dataset-budget-seed,112,0.019576279950416775,0.022638734357018866,0.014858647832638449,0.02426757752116481,1041.0,7.121613925402264e-10,0.7353277425238953,1.4243227850804528e-09
rrf,RRF,average_single,mrr@10,dataset-budget-seed,112,0.035141555639374496,0.03215190563404852,0.03277113104682483,0.03760468076000808,0.0,4.095068960798344e-20,2.6884390690214977,6.55211033727735e-19
rrf,RRF,best_single,mrr@10,dataset-budget-seed,112,0.009730773982461824,0.01255205338630147,0.006089001427335397,0.01316650140606055,1673.0,1.5007432822040563e-05,0.5088836332645755,1.5007432822040563e-05
rrf,RRF,bm25,recall@100,dataset-budget-seed,112,0.08932571607502403,0.07369585409102425,0.07946643956653876,0.09941075462830698,0.0,4.089181334503089e-20,1.6360341796727476,6.542690135204943e-19
rrf,RRF,dense,recall@100,dataset-budget-seed,112,0.014187056874594437,0.010036420390387907,0.010787232418368002,0.0177577877868873,899.0,4.843998924582515e-11,0.7353734993129836,1.937599569833006e-10
rrf,RRF,average_single,recall@100,dataset-budget-seed,112,0.05175638647480923,0.04758547008547004,0.0472427543700016,0.05613468894101593,0.0,4.094884850204825e-20,2.1860394703001846,6.542690135204943e-19
rrf,RRF,best_single,recall@100,dataset-budget-seed,112,0.014069535507073069,0.010036420390387907,0.010749228755364338,0.017609166945050235,899.0,4.843998924582515e-11,0.7394495118893624,1.937599569833006e-10
zscore_fusion,Z-score fusion,bm25,ndcg@10,dataset-budget-seed,112,0.058661192406707786,0.04144511309752222,0.05241634813746477,0.06537992607731544,0.0,4.096357955947718e-20,1.6569182712895856,6.55211033727735e-19
zscore_fusion,Z-score fusion,dense,ndcg@10,dataset-budget-seed,112,0.02456408551149997,0.020397581140129656,0.01923250340578586,0.030171399160858186,541.0,2.6388800454060297e-14,0.8372396601076992,1.0555520181624119e-13
zscore_fusion,Z-score fusion,average_single,ndcg@10,dataset-budget-seed,112,0.04161263895910388,0.03641595722888896,0.03906471760685424,0.04414238072532535,0.0,4.096357955947718e-20,3.0480374706981026,6.55211033727735e-19
zscore_fusion,Z-score fusion,best_single,ndcg@10,dataset-budget-seed,112,0.018032875393701246,0.020397581140129656,0.014336754466077982,0.021594423435210293,541.0,2.6388800454060297e-14,0.9030918853163066,1.0555520181624119e-13
zscore_fusion,Z-score fusion,bm25,mrr@10,dataset-budget-seed,112,0.058447471018519374,0.03619868887726024,0.050576874403214185,0.06681934014271913,0.0,4.096357955947718e-20,1.3274867397943546,6.55211033727735e-19
zscore_fusion,Z-score fusion,dense,mrr@10,dataset-budget-seed,112,0.027316919640603923,0.020954082877205016,0.021298381320690254,0.03351112861892565,761.0,3.0323707329703355e-12,0.8186252599372996,1.2129482931881342e-11
zscore_fusion,Z-score fusion,average_single,mrr@10,dataset-budget-seed,112,0.04288219532956165,0.04274271033199617,0.03956773342426535,0.04611713967832315,0.0,4.096357955947718e-20,2.465425833645837,6.55211033727735e-19
zscore_fusion,Z-score fusion,best_single,mrr@10,dataset-budget-seed,112,0.017471413672648973,0.018696530935828376,0.013636091836983678,0.021323932651080846,809.0,8.094463498183212e-12,0.8264610286033921,2.4283390494549637e-11
zscore_fusion,Z-score fusion,bm25,recall@100,dataset-budget-seed,112,0.0865279200581687,0.06481134910682303,0.07640129409288102,0.09708324730781755,0.0,4.0937803523586947e-20,1.528281932108131,6.542690135204943e-19
zscore_fusion,Z-score fusion,dense,recall@100,dataset-budget-seed,112,0.011389260857739114,0.006156753251099115,0.00835768625778891,0.01478927940472525,927.0,5.009775532525102e-09,0.6428613873773306,1.0019551065050204e-08
zscore_fusion,Z-score fusion,average_single,recall@100,dataset-budget-seed,112,0.04895859045795391,0.04513432933393288,0.044185938176340714,0.05359902909374313,0.0,4.095068960798344e-20,1.92976013332134,6.542690135204943e-19
zscore_fusion,Z-score fusion,best_single,recall@100,dataset-budget-seed,112,0.011271739490217746,0.006156753251099115,0.008235147942414478,0.014610655236999668,927.0,5.009891219635649e-09,0.6460070799275398,1.0019551065050204e-08
minmax_fusion,Min-max fusion,bm25,ndcg@10,dataset-budget-seed,112,0.06007180815119321,0.0422760307842307,0.05360363152148544,0.06684952250310437,0.0,4.096357955947718e-20,1.6447274278091515,6.55211033727735e-19
minmax_fusion,Min-max fusion,dense,ndcg@10,dataset-budget-seed,112,0.02597470125598539,0.025098982792935154,0.021347761256011396,0.030692824376254722,405.0,1.1496136935961109e-15,1.0101619178600438,6.897682161576665e-15
minmax_fusion,Min-max fusion,average_single,ndcg@10,dataset-budget-seed,112,0.0430232547035893,0.039600656600108725,0.04092022404330161,0.045097986496096296,0.0,4.096357955947718e-20,3.819848592623898,6.55211033727735e-19
minmax_fusion,Min-max fusion,best_single,ndcg@10,dataset-budget-seed,112,0.019443491138186664,0.025098982792935154,0.016184816157874274,0.022428187429781307,405.0,1.1496136935961109e-15,1.1192574533965827,6.897682161576665e-15
minmax_fusion,Min-max fusion,bm25,mrr@10,dataset-budget-seed,112,0.06004139330900874,0.0369437474953391,0.05207673016435866,0.06833557969280736,0.0,4.096357955947718e-20,1.3554250863085149,6.55211033727735e-19
minmax_fusion,Min-max fusion,dense,mrr@10,dataset-budget-seed,112,0.028910841931093285,0.026273887100882548,0.023545455091905934,0.03444361497538302,494.0,9.092015436596446e-15,0.9455996527313999,5.4552092619578676e-14
minmax_fusion,Min-max fusion,average_single,mrr@10,dataset-budget-seed,112,0.044476117620051006,0.04312583580440721,0.0415375364792059,0.04724589750084606,0.0,4.096357955947718e-20,2.9649478627271324,6.55211033727735e-19
minmax_fusion,Min-max fusion,best_single,mrr@10,dataset-budget-seed,112,0.01906533596313834,0.023026019225838926,0.015513146691487721,0.02244614845261098,496.0,9.517310588962329e-15,0.9908157011807046,5.4552092619578676e-14
minmax_fusion,Min-max fusion,bm25,recall@100,dataset-budget-seed,112,0.08537174442023407,0.06092206366630071,0.074235059413949,0.0968978535654911,0.0,4.095805482095793e-20,1.3641338990351215,6.542690135204943e-19
minmax_fusion,Min-max fusion,dense,recall@100,dataset-budget-seed,112,0.010233085219804488,0.007860613841649378,0.00838869071179056,0.01223617263816495,63.0,9.389361076948614e-16,0.9951993717131298,7.511488861558891e-15
minmax_fusion,Min-max fusion,average_single,recall@100,dataset-budget-seed,112,0.04780241482001928,0.03596246236792966,0.04232745906305873,0.05336871029140781,0.0,4.094700747503043e-20,1.5977551102117198,6.542690135204943e-19
minmax_fusion,Min-max fusion,best_single,recall@100,dataset-budget-seed,112,0.010115563852283122,0.007860613841649378,0.008326061638419053,0.012046302823441393,63.0,9.389361076948614e-16,1.004226970349064,7.511488861558891e-15
validation_weighted_fusion,Validation-weighted fusion,bm25,ndcg@10,dataset-budget-seed,112,0.06827815794200628,0.043160260350830815,0.05902151982409161,0.07806939378524569,0.0,4.096357955947718e-20,1.3030840151882404,6.55211033727735e-19
validation_weighted_fusion,Validation-weighted fusion,dense,ndcg@10,dataset-budget-seed,112,0.03418105104679848,0.025978491506889773,0.030830345207532337,0.03789069707962126,0.0,4.096357955947718e-20,1.7927850416967226,6.55211033727735e-19
validation_weighted_fusion,Validation-weighted fusion,average_single,ndcg@10,dataset-budget-seed,112,0.05122960449440239,0.03895114928461618,0.04634426383844658,0.05619447285451869,0.0,4.096357955947718e-20,1.9591472339296838,6.55211033727735e-19
validation_weighted_fusion,Validation-weighted fusion,best_single,ndcg@10,dataset-budget-seed,112,0.027649840928999754,0.02529145418180842,0.02609575283705155,0.02932252751141365,0.0,4.096357955947718e-20,3.0873229043799872,6.55211033727735e-19
validation_weighted_fusion,Validation-weighted fusion,bm25,mrr@10,dataset-budget-seed,112,0.07065528468774428,0.03747700514714786,0.05944557662954844,0.08266384385184072,0.0,4.096357955947718e-20,1.09976755088144,6.55211033727735e-19
validation_weighted_fusion,Validation-weighted fusion,dense,mrr@10,dataset-budget-seed,112,0.03952473330982883,0.03543564615078021,0.035857918021449005,0.04339916775940298,0.0,4.096357955947718e-20,1.9470500022572625,6.55211033727735e-19
validation_weighted_fusion,Validation-weighted fusion,average_single,mrr@10,dataset-budget-seed,112,0.055090008998786556,0.04180203064131649,0.04929723778799606,0.06111748120361021,0.0,4.096357955947718e-20,1.7031109199976664,6.55211033727735e-19
validation_weighted_fusion,Validation-weighted fusion,best_single,mrr@10,dataset-budget-seed,112,0.029679227341873882,0.030556064306064334,0.027851943604469295,0.031521348254275855,0.0,4.096357955947718e-20,3.0382165507379795,6.55211033727735e-19
validation_weighted_fusion,Validation-weighted fusion,bm25,recall@100,dataset-budget-seed,112,0.08447768307398287,0.062438149117622355,0.07325693067033372,0.09627340985768752,2.0,4.3227776699011856e-20,1.325408218436028,6.542690135204943e-19
validation_weighted_fusion,Validation-weighted fusion,dense,recall@100,dataset-budget-seed,112,0.00933902387355329,0.002398583130967677,0.006879168991259025,0.012041470701376917,31.0,1.5009805611261372e-11,0.6686849352711501,9.005883366756823e-11
validation_weighted_fusion,Validation-weighted fusion,average_single,recall@100,dataset-budget-seed,112,0.04690835347376808,0.04053033348819604,0.041303483792537087,0.05276316666661408,2.0,4.321807234588131e-20,1.4740665294851631,6.542690135204943e-19
validation_weighted_fusion,Validation-weighted fusion,best_single,recall@100,dataset-budget-seed,112,0.009221502506031922,0.002398583130967677,0.006802097182984068,0.011914933871574647,53.0,2.6925638753803094e-11,0.6634967907455105,1.3462819376901546e-10
